CASE_ID,ACCIDENT_YEAR,PROC_DATE,JURIS,COLLISION_DATE,COLLISION_TIME,OFFICER_ID,REPORTING_DISTRICT,DAY_OF_WEEK,CHP_SHIFT,POPULATION,CNTY_CITY_LOC,SPECIAL_COND,BEAT_TYPE,CHP_BEAT_TYPE,CITY_DIVISION_LAPD,CHP_BEAT_CLASS,BEAT_NUMBER,PRIMARY_RD,SECONDARY_RD,DISTANCE,DIRECTION,INTERSECTION,WEATHER_1,WEATHER_2,STATE_HWY_IND,CALTRANS_COUNTY,CALTRANS_DISTRICT,STATE_ROUTE,ROUTE_SUFFIX,POSTMILE_PREFIX,POSTMILE,LOCATION_TYPE,RAMP_INTERSECTION,SIDE_OF_HWY,TOW_AWAY,COLLISION_SEVERITY,NUMBER_KILLED,NUMBER_INJURED,PARTY_COUNT,PRIMARY_COLL_FACTOR,PCF_CODE_OF_VIOL,PCF_VIOL_CATEGORY,PCF_VIOLATION,PCF_VIOL_SUBSECTION,HIT_AND_RUN,TYPE_OF_COLLISION,MVIW,PED_ACTION,ROAD_SURFACE,ROAD_COND_1,ROAD_COND_2,LIGHTING,CONTROL_DEVICE,CHP_ROAD_TYPE,PEDESTRIAN_ACCIDENT,BICYCLE_ACCIDENT,MOTORCYCLE_ACCIDENT,TRUCK_ACCIDENT,NOT_PRIVATE_PROPERTY,ALCOHOL_INVOLVED,STWD_VEHTYPE_AT_FAULT,CHP_VEHTYPE_AT_FAULT,COUNT_SEVERE_INJ,COUNT_VISIBLE_INJ,COUNT_COMPLAINT_PAIN,COUNT_PED_KILLED,COUNT_PED_INJURED,COUNT_BICYCLIST_KILLED,COUNT_BICYCLIST_INJURED,COUNT_MC_KILLED,COUNT_MC_INJURED,PRIMARY_RAMP,SECONDARY_RAMP,LATITUDE,LONGITUDE,COUNTY,CITY,POINT_X,POINT_Y
6606034,2014,2014-08-23,9145,2014-04-08,1110,15839,,2,1,9,4700,0,3,5,,2,005,"YREKA AGER RD","AGER RD",4752.00,W,N,A,-,N,,,,,,,,,,Y,1,1,1,1,A,-,01,23152,A,N,F,A,A,A,H,-,A,D,0,,,,,Y,Y,D,22,0,1,0,0,0,0,0,0,0,"- ","- ",,,SISKIYOU,UNINCORPORATED,-122.54207287,41.770532860000003
6614906,2014,2014-09-12,9145,2014-08-22,1030,013713,,5,1,9,4700,0,3,5,,2,002,"FRENCH CREEK RD","MINERS CREEK RD",5280.00,W,N,A,-,N,,,,,,,,,,Y,2,0,1,1,A,-,01,23152,E,N,E,I,A,A,H,-,A,D,0,,,Y,,Y,,C,02,1,0,0,0,0,0,0,0,1,"- ","- ",,,SISKIYOU,UNINCORPORATED,-122.90547801,41.35101358
6619509,2014,2014-10-01,9145,2014-09-01,1745,018210,,1,2,9,4700,0,3,5,,2,005,"E BALL MOUNTAIN RD","LEAVERS LN",528.00,W,N,A,-,N,,,,,,,,,,N,2,0,1,1,A,-,01,23152,A,N,F,A,A,A,H,-,A,D,0,,,,,Y,Y,A,01,1,0,0,0,0,0,0,0,0,"- ","- ",,,SISKIYOU,UNINCORPORATED,-122.02147635,41.778931069999999
6657661,2014,2014-12-08,9145,2014-10-03,0725,018485,,5,1,9,4700,0,2,4,,1,051,"AGER RD","CROSSLAND LN",384.00,S,N,A,-,N,,,,,,,,,,Y,2,0,1,2,A,-,09,21801,A,N,A,C,A,A,H,-,A,D,0,,,Y,Y,Y,,F,27,1,0,0,0,0,0,0,0,1,"- ","- ",,,SISKIYOU,UNINCORPORATED,-122.50459724,41.804165779999998
6659745,2014,2016-04-25,9145,2014-09-22,0055,019711,,1,3,9,4700,0,1,1,,2,072,"RT 5","EASY ST",5280.00,S,N,A,-,Y,SIS,2,5,-,R,41.610,H,-,S,Y,2,0,1,1,A,-,08,22107,,N,F,A,A,A,H,-,D,D,1,,,,,Y,,A,07,1,0,0,0,0,0,0,0,0,"- ","- ",,,SISKIYOU,UNINCORPORATED,-122.59603661,41.66138136
6659749,2014,2016-04-28,9145,2014-09-17,1450,016707,,3,2,9,4700,0,1,3,,1,061,"RT 96","WALKER CREEK RD",5280.00,E,N,A,-,Y,SIS,2,96,-,-,78.180,H,-,W,Y,2,0,1,1,C,-,18,,,N,H,H,A,A,H,-,A,D,0,,,Y,,Y,,-,"- ",1,0,0,0,0,0,0,0,1,"- ","- ",,,SISKIYOU,UNINCORPORATED,-122.9627347,41.825936669999997
6718116,2014,2015-02-11,9146,2014-12-29,1745,16245,,1,2,9,4700,0,1,3,,1,022,"RT 89","HARRIS SPRINGS RD",10560.00,S,N,B,-,Y,SIS,2,89,-,-,5.930,H,-,N,Y,1,1,0,3,-,-,"- ",,,N,G,B,E,C,H,-,D,-,0,Y,,,Y,Y,,-,"- ",0,0,0,1,0,0,0,0,0,"- ","- ",,,SISKIYOU,UNINCORPORATED,-121.79825158,41.23423227
6718368,2015,2017-04-04,4700,2015-01-01,0041,1544,7,4,5,1,4702,0,0,0,,0,,"SISKIYOU AV","DUNSMUIR AV",0.00,,Y,A,-,N,,,,,,,,,,Y,1,1,0,1,A,-,07,21658,A,N,E,I,A,A,H,-,C,A,0,,,,,Y,Y,A,01,0,0,0,0,0,0,0,0,0,"- ","- ",,,SISKIYOU,DUNSMUIR,-122.27583989999999,41.223789959999998
6732761,2014,2016-06-14,9146,2014-11-26,1915,016245,,3,2,9,4700,0,1,3,,1,021,"RT 89","SOUTH MOUNT SHASTA BL",12672.00,S,N,A,-,Y,SIS,2,89,-,-,32.010,H,-,S,Y,2,0,1,1,A,-,08,22107,,N,E,I,A,A,H,-,D,D,0,,,,,Y,,A,07,1,0,0,0,0,0,0,0,0,"- ","- ",41.275309999999998,-122.25863,SISKIYOU,UNINCORPORATED,-122.25912065999999,41.275531229999999
6751603,2014,2016-06-13,9145,2014-12-16,1215,13713,,2,1,9,4700,0,1,3,,1,012,"RT 96","CLEAR CREEK",528.00,E,N,B,C,Y,SIS,2,96,-,-,32.520,H,-,W,Y,2,0,1,1,A,-,08,22107,,N,E,I,A,B,H,-,A,A,0,,,,,Y,,D,22,1,0,0,0,0,0,0,0,0,"- ","- ",,,SISKIYOU,UNINCORPORATED,-123.44895567,41.708508219999999
6790060,2015,2016-09-07,9145,2015-01-03,1740,18485,,6,2,2,4709,0,1,3,,1,050,"RT 3","SHASTA RIVER BR",1056.00,N,N,A,-,Y,SIS,2,3,-,-,52.000,H,-,N,N,2,0,1,2,A,-,11,21954,A,N,G,B,D,A,H,-,D,D,0,Y,,,,Y,Y,N,60,1,0,0,0,1,0,0,0,0,"- ","- ",,,SISKIYOU,YREKA,-122.55425982,41.725490600000001
6813631,2015,2016-09-07,9145,2015-02-04,1645,016707,,3,2,9,4700,0,3,5,,2,006,"RT 3","YREKA WATER BOX",300.00,S,N,A,-,Y,SIS,2,3,-,-,42.270,H,-,S,Y,2,0,1,1,A,-,08,22107,,N,E,I,A,A,H,-,A,D,0,,,,,Y,,A,01,1,0,0,0,0,0,0,0,0,"- ","- ",,,SISKIYOU,UNINCORPORATED,-122.71305089000001,41.675034459999999
6837723,2015,2016-09-07,9145,2015-02-07,1900,13713,,6,2,9,4700,0,1,3,,1,011,"RT 96","CHINA POINT RIVER ACCESS RD",5280.00,E,N,B,C,Y,SIS,2,96,-,R,48.490,H,-,W,Y,2,0,6,1,A,-,01,23152,A,N,F,A,A,B,H,-,D,D,0,,,,,Y,Y,A,01,1,3,2,0,0,0,0,0,0,"- ","- ",,,SISKIYOU,UNINCORPORATED,-123.31479018,41.814076559999997
6845525,2015,2016-04-13,9145,2015-03-06,1936,018485,,5,2,2,4709,0,3,5,,2,006,"DITCH CREEK RD","RT 5",1.40,W,N,A,-,N,,,,,,,,,,Y,2,0,1,1,A,-,01,23153,A,N,F,A,A,A,H,-,C,D,0,,,,,Y,Y,D,22,1,0,0,0,0,0,0,0,0,"- ","- ",,,SISKIYOU,YREKA,-122.57553756,41.919509679999997
6854211,2014,2015-04-11,9145,2014-10-30,2500,13713,,4,4,9,4700,0,3,5,,2,001,"SALMON RIVER RD","RT 96",16896.00,S,N,B,-,N,,,,,,,,,,Y,1,1,0,1,A,-,01,23152,A,N,E,I,A,A,H,-,D,D,0,,,,,Y,Y,D,22,0,0,0,0,0,0,0,0,0,"- ","- ",41.224200000000003,-123.2616,SISKIYOU,UNINCORPORATED,-123.48965,41.381019999999999
6854710,2015,2017-04-04,9145,2015-05-02,0430,18151,,6,3,9,4700,0,2,4,,1,031,"OLD HIGHWAY 99","STURGIS RD",175.00,N,N,A,-,N,,,,,,,,,,Y,1,1,0,1,A,-,01,23152,A,N,E,I,A,A,H,-,D,D,0,,,,,Y,Y,A,01,0,0,0,0,0,0,0,0,0,"- ","- ",,,SISKIYOU,UNINCORPORATED,-122.59895,41.661520000000003
6858678,2015,2016-09-15,4708,2015-02-19,1239,284,2,4,5,2,4708,0,0,0,,0,001,"RT 97","HOY RD",109.00,E,N,A,-,Y,SIS,2,97,-,-,1.310,H,-,S,Y,1,1,0,1,C,-,18,,,N,E,I,A,A,H,-,A,D,0,,,,,Y,,-,"- ",0,0,0,0,0,0,0,0,0,"- ","- ",,,SISKIYOU,WEED,-122.38616824,41.44022528
6887564,2015,2015-04-24,9145,2015-04-06,1655,17793,,1,2,9,4700,0,2,4,,1,034,"BIG SPRINGS RD","MAYTEN RD",220.00,S,N,B,-,N,,,,,,,,,,Y,2,0,1,2,A,-,05,21460,A,N,A,C,A,A,H,-,A,D,0,,,,,Y,,A,01,1,0,0,0,0,0,0,0,0,"- ","- ",41.590910000000001,-122.40003,SISKIYOU,UNINCORPORATED,-122.39920537,41.608855409999997
6905615,2015,2015-05-20,4708,2015-04-04,2042,388,2,6,5,2,4708,0,0,0,,0,001,"RT 97","CALIFORNIA ST",0.00,,N,B,-,Y,SIS,2,97,-,-,1.500,H,-,S,Y,1,1,0,2,A,-,11,21954,A,N,G,B,D,A,H,-,D,D,0,Y,,,,Y,Y,N,60,0,0,0,1,0,0,0,0,0,"- ","- ",,,SISKIYOU,WEED,-122.3829934,41.441325820000003
6965201,2015,2015-07-09,9145,2015-06-13,1500,15241,,6,2,9,4700,0,3,5,,2,004,"RED ROCK RD","DORRIS BROWNELL RD",1056.00,W,N,A,-,N,,,,,,,,,,Y,2,0,1,1,A,-,01,23152,A,N,E,I,A,A,H,-,A,D,0,,,,,Y,Y,A,01,1,0,0,0,0,0,0,0,0,"- ","- ",41.814929999999997,-121.96196,SISKIYOU,UNINCORPORATED,-121.96195899999999,41.814919279999998
6975279,2015,2015-07-13,9146,2015-06-18,2105,016466,,4,2,9,4700,0,3,5,,2,002,"WIDOW SPRINGS DR","MUD SPRINGS WY",543.00,S,N,A,-,N,,,,,,,,,,Y,2,0,1,1,A,-,01,23152,A,N,E,I,A,A,H,-,D,D,0,,,,,Y,Y,D,22,1,0,0,0,0,0,0,0,0,"- ","- ",41.325690000000002,-122.04949000000001,SISKIYOU,UNINCORPORATED,-122.04998016,41.325666599999998
6975756,2015,2016-11-03,9145,2015-06-13,1938,019030,,6,2,9,4700,0,1,1,,2,073,"RT 5","PARKS CREEK",3696.00,N,N,A,-,Y,SIS,2,5,-,-,27.840,H,-,N,Y,2,0,1,1,A,-,01,23152,A,N,F,A,A,A,H,-,A,D,1,,,,Y,Y,Y,G,25,1,0,0,0,0,0,0,0,0,"- ","- ",41.506959999999999,-122.47183,SISKIYOU,UNINCORPORATED,-122.46880332000001,41.502118439999997
6983392,2015,2015-07-27,9146,2015-07-03,1620,015968,,5,2,9,4700,0,3,5,,2,001,"HIGHLAND DR","CRESCENT DR",148.00,N,N,B,-,N,,,,,,,,,,N,2,0,1,1,A,-,17,21712,A,N,H,A,A,A,H,-,A,D,0,,,,,Y,,A,01,1,0,0,0,0,0,0,0,0,"- ","- ",41.327370000000002,-122.3372,SISKIYOU,UNINCORPORATED,-122.33815846,41.327356279999997
7067605,2015,2015-09-21,4708,2015-07-12,1911,284,8,7,5,2,4708,0,0,0,,0,001,"COLLEGE AV","COLLEGE AV 800",17.00,N,N,A,-,N,,,,,,,,,,Y,2,0,1,1,A,-,03,22350,,N,D,I,A,A,H,-,A,B,0,,,Y,,Y,,C,02,1,0,0,0,0,0,0,0,1,"- ","- ",,,SISKIYOU,WEED,,
8105441,2016,2016-08-26,4708,2016-08-08,2319,385,11,1,5,2,4708,0,0,0,,0,002,"SHASTINA DR","BLACK BUTTE DR",104.00,N,N,A,-,N,,,,,,,,,,Y,2,0,1,1,A,-,08,22107,,N,E,I,A,A,H,-,C,D,0,,,,,Y,,-,,1,0,0,0,0,0,0,0,0,"- ","- ",,,SISKIYOU,WEED,-122.38154539999999,41.400484990000002
8391863,2017,2017-06-20,4708,2017-05-26,0940,385,8,5,5,2,4708,0,0,0,,0,001,"WEED BL","PACIFIC CORP UTILITY POLE #06241005",48.00,N,N,A,-,N,,,,,,,,,,Y,2,0,1,1,A,-,01,23152,A,N,E,I,A,A,H,-,A,D,0,,,,,Y,,A,01,1,0,0,0,0,0,0,0,0,"- ","- ",,,SISKIYOU,WEED,,
8648375,2018,2018-11-30,4700,2018-09-25,0824,S6,,2,5,1,4701,0,0,0,,0,,"1ST ST","RAILROAD AV",0.00,,N,A,-,N,,,,,,,,,,Y,1,1,0,2,A,-,12,22451,A,N,D,F,A,A,H,-,A,A,0,,,,,Y,,A,01,0,0,0,0,0,0,0,0,0,"- ","- ",41.588001251220703,-121.54560089111328,SISKIYOU,DORRIS,-121.91538238525391,41.967071533203125
8889514,2019,2019-08-01,4708,2019-07-03,1008,385,8,3,5,2,4708,0,0,0,,0,001,"WEED BL","SHASTINA DR",0.00,,Y,A,-,N,,,,,,,,,,Y,2,0,2,2,A,-,09,21801,,N,-,C,A,A,H,-,A,D,0,,,,,Y,,-,,1,1,0,0,0,0,0,0,0,"- ","- ",,,SISKIYOU,WEED,-122.38356018066406,41.414169311523438
8945905,2019,2019-10-01,4706,2019-09-22,2037,1101,,7,5,2,4706,0,0,0,,0,C1T4,"SOUTH MOUNT SHASTA BL","LOVETA LN",0.00,,-,A,-,,,,,,,,,,,Y,2,0,3,2,A,-,01,23153,A,N,A,C,A,A,H,-,C,D,0,,,,,Y,Y,-,,1,0,2,0,0,0,0,0,0,"- ","- ",,,SISKIYOU,"MOUNT SHASTA",-122.30625152587891,41.300479888916016
8995529,2019,2020-08-26,4708,2019-11-26,1445,447,2,2,5,2,4708,0,0,0,,0,001,"RT 97","ALAMEDA AV",84.00,S,N,D,-,Y,SIS,2,97,-,-,1.210,I,5,S,Y,2,0,1,4,A,-,03,22350,,N,C,C,A,C,H,-,A,D,0,,,,Y,Y,,F,25,1,0,0,0,0,0,0,0,0,"- ","- ",,,SISKIYOU,WEED,-122.38709259033203,41.439117431640625
90005547,2015,2015-10-19,9145,2015-07-11,2000,018726,,6,2,9,4700,0,3,5,,2,005,"COPCO RD","STEELHEAD CT",3168.00,E,N,A,-,N,,,,,,,,,,Y,2,0,1,1,A,-,01,23152,A,M,E,I,A,A,H,-,A,D,0,,,,,Y,Y,A,01,1,0,0,0,0,0,0,0,0,"- ","- ",,,SISKIYOU,UNINCORPORATED,-122.50548673999999,41.899515979999997
90005775,2015,2015-10-19,9145,2015-07-16,1420,018726,,4,2,9,4700,0,2,4,,1,032,"OLD HIGHWAY 99","STEWART SPRINGS RD",13728.00,N,N,A,-,N,,,,,,,,,,Y,2,0,2,1,A,-,08,22107,,N,E,I,A,A,H,-,A,D,0,,,,,Y,,A,08,1,1,0,0,0,0,0,0,0,"- ","- ",41.470959999999998,-122.47651999999999,SISKIYOU,UNINCORPORATED,-122.47566436,41.470456689999999
90011242,2015,2015-10-19,9146,2015-08-23,0800,015150,,7,1,9,4700,0,2,4,,1,015,"NORTH OLD STAGE RD.","HATCHERY LN.",528.00,N,N,A,-,N,,,,,,,,,,N,2,0,1,1,A,-,03,22350,,N,F,A,A,A,H,-,A,D,0,,,Y,,Y,,C,03,1,0,0,0,0,0,0,0,1,"- ","- ",41.310099999999998,-122.39942000000001,SISKIYOU,UNINCORPORATED,-122.32825651,41.30958442
90016656,2015,2015-10-19,9145,2015-09-05,2120,018726,,6,2,9,4700,0,3,5,,2,002,"SCOTT RIVER ROAD","INDIAN CREEK ROAD",12672.00,W,N,A,-,N,,,,,,,,,,Y,2,0,1,1,A,-,01,23152,A,N,F,A,A,A,H,-,D,D,0,,,,,Y,Y,D,22,1,0,0,0,0,0,0,0,0,"- ","- ",41.639890000000001,-122.91492,SISKIYOU,UNINCORPORATED,-122.91512405,41.639905740000003
90016689,2015,2015-10-19,9145,2015-08-28,1300,016006,,5,1,9,4700,0,1,3,,1,060,"STATE ROUTE 263","HUDSON RD",528.00,S,N,B,-,Y,,,,,,,,,,Y,1,1,0,1,A,-,08,22107,,N,E,I,A,A,H,-,A,D,0,,,,,Y,,A,01,0,0,0,0,0,0,0,0,0,"- ","- ",,,SISKIYOU,UNINCORPORATED,-122.59225462000001,41.820207289999999
90016938,2015,2015-10-19,9145,2015-09-01,1150,016340,,2,1,9,4700,0,3,5,,2,005,"YORK ROAD","AIRPORT ROAD",344.00,W,N,A,-,N,,,,,,,,,,Y,2,0,1,1,A,-,01,23152,E,N,E,I,A,A,H,-,A,D,0,,,,,Y,,A,01,1,0,0,0,0,0,0,0,0,"- ","- ",41.847900000000003,-122.46088,SISKIYOU,UNINCORPORATED,-122.46088296000001,41.84780885
90018000,2015,2015-10-19,9145,2015-09-07,2130,014441,,1,2,9,4700,0,3,5,,2,008,"WRIGHT ROAD","EAST-WEST ROAD",1056.00,S,N,A,-,N,,,,,,,,,,Y,2,0,2,1,A,-,08,22107,,F,F,A,A,A,H,-,D,D,0,,,,,Y,,A,07,1,1,0,0,0,0,0,0,0,"- ","- ",41.950530000000001,-121.49616,SISKIYOU,UNINCORPORATED,-121.49614,41.950731570000002
90027642,2015,2015-10-19,9145,2015-10-05,1655,016707,,1,2,9,4700,0,1,3,,1,060,SR-263,"HUDSON ROAD",6336.00,S,N,A,-,Y,,,,,,,,,,N,2,0,1,1,A,-,01,23152,A,N,E,I,A,A,H,-,A,D,0,,,Y,,Y,Y,C,02,1,0,0,0,0,0,0,0,1,"- ","- ",,,SISKIYOU,UNINCORPORATED,-122.59296182,41.80926375
90040479,2015,2015-10-29,9145,2015-10-20,1700,016707,,2,2,9,4700,0,3,5,,2,002,"STATE ROUTE 3","SUGAR CREEK",3168.00,N,N,A,-,Y,,,,,,,,,,Y,2,0,1,1,C,-,18,,,N,H,H,A,A,H,-,A,D,0,,,Y,,Y,,-,"- ",1,0,0,0,0,0,0,0,1,"- ","- ",,,SISKIYOU,UNINCORPORATED,-122.83117885,41.348533379999999
90047937,2015,2015-11-10,9145,2015-11-03,0110,018604,,2,3,9,4700,0,1,1,,2,073,"I-5 N/B","CHAPARRAL DR",1056.00,N,N,B,-,Y,,,,,,,,,,Y,2,0,2,1,A,-,08,22107,,N,E,I,A,A,H,-,C,D,0,,,,,Y,,A,01,1,0,1,0,0,0,0,0,0,"- ","- ",,,SISKIYOU,UNINCORPORATED,,
90054820,2015,2017-01-25,9145,2015-08-30,1409,018619,,7,2,9,4700,0,1,3,,1,012,"RT 96","SEIAD CREEK RD",25872.00,W,N,A,-,Y,,,96,,,,,,,Y,1,2,1,1,A,-,01,23152,A,N,F,A,A,A,H,-,A,D,0,,,,,Y,Y,D,22,1,0,0,0,0,0,0,0,0,"- ","- ",41.860709999999997,-123.26804,SISKIYOU,UNINCORPORATED,-123.26799042,41.860781340000003
90060068,2015,2015-11-25,9145,2015-11-21,0545,013713,,6,3,9,4700,0,1,3,,1,012,SR-96,"DILLON CREEK",1056.00,E,N,A,-,Y,,,96,,,,,,,Y,2,0,1,1,A,-,08,22107,,N,F,I,A,A,H,-,D,D,0,,,,,Y,,D,22,1,0,0,0,0,0,0,0,0,"- ","- ",41.578389999999999,-123.54022000000001,SISKIYOU,UNINCORPORATED,-123.54018885000001,41.578344049999998
90084181,2015,2015-12-29,9145,2015-12-24,1414,018485,,4,2,9,4700,0,1,1,,2,073,"I-5 N/B","NORTH WEED ONRAMP",500.00,N,N,A,-,Y,,,,,,,,,,Y,2,0,1,1,A,-,08,22107,,N,E,I,A,A,H,-,A,D,0,,,,,Y,,D,22,1,0,0,0,0,0,0,0,0,"- ","- ",,,SISKIYOU,UNINCORPORATED,,
90136884,2016,2016-03-15,9145,2016-03-06,1700,019614,,7,2,9,4700,0,3,5,,2,002,"SCOTT RIVER RD","MILL CREEK RD",4752.00,S,N,C,-,N,,,,,,,,,,Y,2,0,2,1,A,-,03,22350,,N,E,I,A,B,H,-,A,D,0,,,,,Y,,A,01,2,0,0,0,0,0,0,0,0,"- ","- ",41.435299999999998,-123.367,SISKIYOU,UNINCORPORATED,-123.01055079,41.731243059999997
90202291,2016,2016-06-15,9145,2016-06-05,0300,016707,,7,3,9,4700,0,3,5,,2,002,"ISLAND ROAD","SERPA LANE",528.00,E,N,A,B,N,,,,,,,,,,N,2,0,1,1,D,-,00,,,N,H,A,A,A,H,-,D,D,0,,,,,Y,,-,"- ",1,0,0,0,0,0,0,0,0,"- ","- ",,,SISKIYOU,UNINCORPORATED,-122.85205975,41.5704007
90216207,2016,2016-07-05,9145,2016-06-08,1600,017835,,3,2,9,4700,0,1,3,,1,061,"SR-96 W/B","KOHL CREEK",8976.00,W,N,A,-,Y,,,96,,,,,,W,Y,1,1,0,1,A,-,08,22107,,N,E,I,A,A,H,-,A,D,0,,,,,Y,,D,22,0,0,0,0,0,0,0,0,0,"- ","- ",41.828270000000003,-122.96286000000001,SISKIYOU,UNINCORPORATED,-122.96278302,41.828203350000003
90219746,2016,2016-07-11,9146,2016-06-25,1350,013820,,6,1,9,4700,0,2,4,,1,015,"NORTH OLD STAGE ROAD","ABRAMS LAKE ROAD",448.00,S,N,A,-,N,,,,,,,,,,Y,2,0,1,1,A,-,08,22107,,N,E,I,A,A,H,-,A,D,0,,,,,Y,,A,01,1,0,0,0,0,0,0,0,0,"- ","- ",41.341189999999997,-122.35189,SISKIYOU,UNINCORPORATED,-122.35212550999999,41.340923220000001
90227990,2016,2016-07-22,9146,2016-07-15,2122,017488,,5,2,9,4700,0,3,5,,2,001,"CASTLE LAKE RD.","NEY SPRINGS RD.",3168.00,S,N,A,-,N,,,,,,,,,,Y,2,0,3,1,A,-,03,22350,,N,E,I,A,A,H,-,D,D,0,,,,,Y,,A,01,2,1,0,0,0,0,0,0,0,"- ","- ",41.162050000000001,-122.19884,SISKIYOU,UNINCORPORATED,-122.3320301,41.269401909999999
90231916,2016,2016-07-27,9146,2016-06-29,0505,013820,,3,3,9,4700,0,1,3,,1,022,SR-89,"EDSON CREEK ROAD",1584.00,N,N,A,-,Y,,,89,,,,,,,N,1,1,0,2,A,-,11,21956,A,N,G,B,E,A,H,-,D,D,0,Y,,,Y,Y,,N,60,0,0,0,1,0,0,0,0,0,"- ","- ",41.265070000000001,-121.93343,SISKIYOU,UNINCORPORATED,-121.93342466999999,41.265025000000001
90235458,2016,2016-08-02,9145,2016-07-20,0915,013713,,3,1,9,4700,0,1,3,,1,011,SR-96,"SEATTLE CREEK",4224.00,W,N,A,-,Y,,,96,,,,,,,Y,2,0,1,1,A,-,08,22107,,N,E,I,A,A,H,-,A,D,0,,,,,Y,,D,22,1,0,0,0,0,0,0,0,0,"- ","- ",41.834409999999998,-123.29764,SISKIYOU,UNINCORPORATED,-123.29770289,41.834358659999999
90261869,2016,2016-09-06,9146,2016-08-11,2120,019167,,4,2,9,4700,0,1,3,,1,022,"SR-89 SOUTH OF EDSON CREEK","EDSON CREEK RD.",2640.00,S,N,A,-,Y,,,89,,,,R,,,Y,1,2,0,1,A,-,08,22107,,N,E,I,A,A,H,-,D,D,0,,,,,Y,,A,01,0,0,0,0,0,0,0,0,0,"- ","- ",41.267220000000002,-121.91752,SISKIYOU,UNINCORPORATED,-121.91752,41.267220000000002
90277061,2016,2016-09-27,9146,2016-09-25,1620,015592,,7,2,9,4700,0,1,3,,1,022,"STATE ROUTE 89","FOWLERS PUBLIC CAMP RD",5280.00,S,N,A,-,Y,,,89,,,,,,,Y,2,0,1,1,C,-,18,,,N,H,H,A,A,H,-,A,D,0,,,Y,,Y,,-,"- ",1,0,0,0,0,0,0,0,1,"- ","- ",41.258000000000003,-122.00960000000001,SISKIYOU,UNINCORPORATED,-122.00959745,41.257961600000002
90282421,2016,2016-10-03,9145,2016-10-02,1510,014553,,7,2,9,4700,0,3,5,,2,003,"HARRY CASH ROAD","DAVIS ROAD",2797.00,S,N,B,-,N,,,,,,,,,,Y,2,0,2,1,A,-,08,22107,,N,E,I,A,B,H,-,A,D,0,,,,,Y,,D,22,1,1,0,0,0,0,0,0,0,"- ","- ",,,SISKIYOU,UNINCORPORATED,-122.36977082999999,41.681103440000001
90288496,2016,2016-10-10,9145,2016-10-06,1225,018817,,4,1,1,4705,0,2,4,,1,051,"AGER RD","YREKA AGER RD",2640.00,N,N,A,-,N,,,,,,,,,,Y,2,0,2,1,A,-,08,22107,,N,F,A,A,A,H,-,A,D,0,,,,,Y,,A,07,1,1,0,0,0,0,0,0,0,"- ","- ",41.778059999999996,-122.52265,SISKIYOU,MONTAGUE,-122.52255099,41.778273409999997
90293676,2016,2016-10-17,9145,2016-10-04,1430,016340,,2,2,9,4700,0,3,5,,2,003,"SCARFACE ROAD","CRAM GULCH RD",1857.00,E,N,A,-,N,,,,,,,,,,Y,2,0,1,1,A,-,08,22107,,N,E,I,A,A,H,-,A,D,0,,,Y,,Y,,C,06,1,0,0,0,0,0,0,0,1,"- ","- ",41.537999999999997,-122.5474,SISKIYOU,UNINCORPORATED,-122.54769460999999,41.538111749999999
90345350,2016,2016-12-15,9145,2016-12-01,1815,018817,,4,2,9,4700,0,3,5,,2,003,"JUNIPER DRIVE","COUNTY ROAD A-12",256.00,S,N,A,-,N,,,,,,,,,,Y,2,0,1,1,A,-,03,22350,,N,F,A,A,A,H,-,B,D,0,,,Y,,Y,Y,C,06,1,0,0,0,0,0,0,0,1,"- ","- ",41.596510000000002,-122.34071,SISKIYOU,UNINCORPORATED,-122.34063953,41.596361360000003
90345657,2016,2016-12-15,9145,2016-09-18,0720,019614,,7,1,9,4700,0,2,4,,1,014,"INDIAN CREEK RD","LUTHER GULCH ROAD",4752.00,S,N,A,-,N,,,,,,,,,,Y,1,1,0,1,A,-,08,22107,,N,E,I,A,A,H,-,A,D,0,,,,,Y,,D,22,0,0,0,0,0,0,0,0,0,"- ","- ",41.854970000000002,-123.38973,SISKIYOU,UNINCORPORATED,-123.38894519,41.854296959999999
90399856,2016,2017-02-24,9145,2016-12-03,1842,018398,,6,2,9,4700,0,1,1,,2,070,"I-5 N/B","KLAMATHON ROAD",5280.00,N,N,A,-,Y,,,5,,,,,,N,Y,1,1,2,2,A,-,01,23152,A,N,A,C,A,A,H,-,D,D,0,,,,Y,Y,Y,D,22,0,0,2,0,0,0,0,0,0,"- ","- ",41.865679999999998,-122.56455,SISKIYOU,UNINCORPORATED,-122.56458945,41.86569695
90418573,2017,2017-03-23,9145,2017-03-11,0000,018817,,6,3,2,4709,0,1,3,,1,061,SR-96,"47N06 RD",10560.00,E,N,A,-,Y,,,,,,,,,,Y,2,0,1,1,A,-,08,22107,,F,E,I,A,A,H,-,D,D,0,,,,,Y,,A,01,1,0,0,0,0,0,0,0,0,"- ","- ",41.854819999999997,-122.76872,SISKIYOU,YREKA,,