CASE_ID,ACCIDENT_YEAR,PROC_DATE,JURIS,COLLISION_DATE,COLLISION_TIME,OFFICER_ID,REPORTING_DISTRICT,DAY_OF_WEEK,CHP_SHIFT,POPULATION,CNTY_CITY_LOC,SPECIAL_COND,BEAT_TYPE,CHP_BEAT_TYPE,CITY_DIVISION_LAPD,CHP_BEAT_CLASS,BEAT_NUMBER,PRIMARY_RD,SECONDARY_RD,DISTANCE,DIRECTION,INTERSECTION,WEATHER_1,WEATHER_2,STATE_HWY_IND,CALTRANS_COUNTY,CALTRANS_DISTRICT,STATE_ROUTE,ROUTE_SUFFIX,POSTMILE_PREFIX,POSTMILE,LOCATION_TYPE,RAMP_INTERSECTION,SIDE_OF_HWY,TOW_AWAY,COLLISION_SEVERITY,NUMBER_KILLED,NUMBER_INJURED,PARTY_COUNT,PRIMARY_COLL_FACTOR,PCF_CODE_OF_VIOL,PCF_VIOL_CATEGORY,PCF_VIOLATION,PCF_VIOL_SUBSECTION,HIT_AND_RUN,TYPE_OF_COLLISION,MVIW,PED_ACTION,ROAD_SURFACE,ROAD_COND_1,ROAD_COND_2,LIGHTING,CONTROL_DEVICE,CHP_ROAD_TYPE,PEDESTRIAN_ACCIDENT,BICYCLE_ACCIDENT,MOTORCYCLE_ACCIDENT,TRUCK_ACCIDENT,NOT_PRIVATE_PROPERTY,ALCOHOL_INVOLVED,STWD_VEHTYPE_AT_FAULT,CHP_VEHTYPE_AT_FAULT,COUNT_SEVERE_INJ,COUNT_VISIBLE_INJ,COUNT_COMPLAINT_PAIN,COUNT_PED_KILLED,COUNT_PED_INJURED,COUNT_BICYCLIST_KILLED,COUNT_BICYCLIST_INJURED,COUNT_MC_KILLED,COUNT_MC_INJURED,PRIMARY_RAMP,SECONDARY_RAMP,LATITUDE,LONGITUDE,COUNTY,CITY,POINT_X,POINT_Y
90439030,2017,2017-04-20,9145,2017-04-19,1930,018755,,3,2,9,4700,0,3,5,,2,003,"OLD HIGHWAY 99","STEWART SPRINGS RD",92.00,N,N,B,C,N,,,,,,,,,,N,2,0,1,1,A,-,08,22107,,N,E,I,A,B,H,-,A,D,0,,,,,Y,,D,22,1,0,0,0,0,0,0,0,0,"- ","- ",41.44435,-122.44284999999999,SISKIYOU,UNINCORPORATED,-122.44266211999999,41.444287889999998
90441563,2017,2017-04-25,9145,2017-02-28,2031,017835,,2,2,9,4700,0,1,1,,2,072,"I-5 S/B","KILLGORE HILLS RD",5808.00,S,N,A,-,Y,,,5,,,,,,S,Y,1,1,0,1,A,-,08,22107,,N,E,I,A,A,H,-,D,D,0,,,,,Y,,A,01,0,0,0,0,0,0,0,0,0,"- ","- ",41.660710000000002,-122.59002,SISKIYOU,UNINCORPORATED,-122.59001986,41.660841470000001
90472576,2017,2017-06-09,9146,2017-05-28,0115,017958,,7,3,9,4700,0,2,4,,1,015,"COLLEGE AVENUE`","N. OLD STAGE",1040.00,E,N,A,-,N,,,,,,,,,,Y,2,0,2,1,A,-,03,22350,,N,E,I,A,A,H,-,D,D,0,,,,,Y,Y,A,01,1,1,0,0,0,0,0,0,0,"- ","- ",41.427619999999997,-122.39149999999999,SISKIYOU,UNINCORPORATED,-122.41806686,41.401634170000001
90473292,2017,2017-06-07,9145,2017-05-31,1205,021593,,3,1,9,4700,0,3,5,,2,005,"I-5 N/B OFF RAMP","COPCO RD",0.00,,Y,A,-,Y,,,5,,,,R,,N,Y,2,0,1,1,A,-,03,22350,,N,E,I,A,A,H,-,A,A,0,,,,,Y,Y,D,22,1,0,0,0,0,0,0,0,0,"- ","- ",41.901269999999997,-122.5647,SISKIYOU,UNINCORPORATED,-122.5647,41.901269999999997
90483239,2017,2017-06-21,9145,2017-06-09,1345,021593,,5,1,9,4700,0,2,4,,1,037,"COUNTY ROAD A-12","JUPITER LANE",4752.00,E,N,B,-,N,,,,,,,,,,Y,2,0,1,1,A,-,08,22107,,N,E,I,A,A,H,-,A,D,0,,,,,Y,,A,01,1,0,0,0,0,0,0,0,0,"- ","- ",41.611840000000001,-122.36726,SISKIYOU,UNINCORPORATED,-122.36732215000001,41.6118314
90489078,2017,2017-06-27,9146,2017-06-19,1500,016333,,1,2,9,4700,0,1,1,,2,012,"I-5 N/B","MOTT ROAD",2640.00,S,N,A,-,Y,,,5,,,,,,N,Y,2,0,3,1,C,-,18,,,N,H,A,A,A,H,-,A,D,0,,,,,Y,,-,"- ",3,0,0,0,0,0,0,0,0,"- ","- ",41.2532,-122.26287000000001,SISKIYOU,UNINCORPORATED,-122.26291553999999,41.253126809999998
90514032,2017,2017-08-01,9146,2017-07-24,0330,016763,,1,3,9,4700,0,2,4,,1,015,"OLD STAGE RD.","RAINBOW DR.",516.00,N,N,A,-,N,,,,,,,,,,Y,2,0,2,1,A,-,03,22350,,N,E,I,A,A,H,-,D,D,0,,,,,Y,,A,01,1,1,0,0,0,0,0,0,0,"- ","- ",41.327269999999999,-122.34514,SISKIYOU,UNINCORPORATED,-122.34557928,41.327642959999999
90516727,2017,2017-08-04,9145,2017-07-29,0930,017540,,6,1,9,4700,0,1,3,,1,061,SR-96,"EMPIRE CREEK RD",14784.00,W,N,A,-,Y,,,96,,,,,,,Y,2,0,1,1,A,-,08,22107,,N,E,I,A,A,H,-,A,D,0,,,,,Y,,D,22,1,0,0,0,0,0,0,0,0,"- ","- ",41.860579999999999,-122.77986,SISKIYOU,UNINCORPORATED,-122.77985361,41.860600169999998
90519169,2017,2017-08-08,9145,2017-07-28,1545,013713,,5,2,9,4700,0,1,3,,1,010,SR-96,"KINSMAN CREEK",4.50,W,N,A,-,Y,,,96,,,,,,,Y,2,0,1,1,A,-,08,22107,,N,E,I,A,A,H,-,A,A,0,,,Y,,Y,,C,02,1,0,0,0,0,0,0,0,1,"- ","- ",41.806229999999999,-123.01685000000001,SISKIYOU,UNINCORPORATED,-123.01687952,41.806277620000003
90523314,2017,2017-08-15,9146,2017-08-13,0845,014814,,7,1,1,4702,0,1,1,,2,012,"I-5 N/B","DUNSMUIR AVE UC",300.00,N,N,A,-,Y,,,5,,,,,,N,Y,2,0,1,1,A,-,08,22107,,N,E,I,A,A,H,-,A,D,0,,,,,Y,,A,01,1,0,0,0,0,0,0,0,0,"- ","- ",41.236519999999999,-122.26761,SISKIYOU,DUNSMUIR,-122.26763701,41.236567710000003
90541124,2017,2017-09-05,9146,2017-08-28,2100,016333,,1,2,9,4700,0,1,3,,1,021,SR-89,"SQUAW VALLEY ROAD",528.00,N,N,A,-,Y,,,89,,,,,,,Y,2,0,1,1,D,-,00,,,N,F,A,A,A,H,-,D,D,0,,,Y,,Y,,-,"- ",1,0,0,0,0,0,0,0,1,"- ","- ",41.252029999999998,-122.13983,SISKIYOU,UNINCORPORATED,-122.13981575,41.252059240000001
90544551,2017,2017-09-11,9145,2017-05-22,1840,015241,,1,2,9,4700,0,1,2,,1,035,US-97,"MILITARY PASS RD",268.00,N,N,A,-,Y,,,97,,,,,,,Y,1,1,0,1,A,-,08,22107,,N,E,I,A,A,H,-,A,D,0,,,,,Y,,A,01,0,0,0,0,0,0,0,0,0,"- ","- ",41.559330000000003,-122.20883000000001,SISKIYOU,UNINCORPORATED,-122.20891204,41.559411679999997
90546148,2017,2017-09-12,9146,2017-09-05,0125,017958,,2,3,9,4700,0,1,1,,2,010,"INTERSTATE 5 (N/B)","SHASTINA DRIVE",1320.00,N,N,A,-,Y,,,,,,,,,,Y,2,0,2,1,A,-,08,22107,,N,F,A,A,A,H,-,D,D,0,,,,,Y,,A,07,1,1,0,0,0,0,0,0,0,"- ","- ",41.410359999999997,-122.37972000000001,SISKIYOU,UNINCORPORATED,-122.38316871000001,41.417236070000001
90566865,2017,2017-10-10,9145,2017-06-03,0900,013713,,6,1,9,4700,0,3,5,,2,001,"SAWYERS BAR ROAD","SALMON RIVER RD",33792.00,E,N,A,-,N,,,,,,,,,,N,1,1,0,1,B,-,22,,,N,E,I,A,A,H,-,A,D,0,,Y,,,Y,,L,04,0,0,0,0,0,1,0,0,0,"- ","- ",41.295369999999998,-123.24027,SISKIYOU,UNINCORPORATED,-123.23985562,41.29530913
90572260,2017,2017-10-18,9145,2017-09-22,1145,016707,,5,1,2,4709,0,1,1,,2,071,"I-5 N/B FROM SR-3 ON RAMP",SR-3,120.00,N,N,A,-,Y,,,5,,,,R,,N,Y,2,0,1,1,A,-,01,23152,A,N,F,A,A,A,H,-,A,D,0,,,,Y,Y,Y,G,26,1,0,0,0,0,0,0,0,0,"- ","- ",41.739510000000003,-122.62645999999999,SISKIYOU,YREKA,-122.62645999999999,41.739510000000003
90573939,2017,2017-10-19,9145,2017-10-06,1450,018398,,5,2,9,4700,0,1,1,,2,072,"I-5 N/B","JULIEN CREEK",246.00,S,N,A,-,Y,,,5,,,,,,N,Y,2,0,1,1,A,-,08,22107,,N,E,I,A,A,H,-,A,D,0,,,,,Y,,A,01,1,0,0,0,0,0,0,0,0,"- ","- ",41.65934,-122.56796,SISKIYOU,UNINCORPORATED,-122.56796916,41.659300180000002
90577473,2017,2017-10-24,9145,2017-10-15,2135,020819,,7,2,9,4700,0,1,1,,2,072,"I-5 S/B","SLOUGH RD",5280.00,S,N,A,-,Y,,,5,,,,,,S,Y,2,0,1,1,A,-,08,22107,,N,F,A,A,A,H,-,D,D,0,,,,,Y,,A,01,1,0,0,0,0,0,0,0,0,"- ","- ",41.590249999999997,-122.50247,SISKIYOU,UNINCORPORATED,-122.50256025,41.590232290000003
90586855,2017,2017-11-03,9145,2017-08-01,0040,015241,,2,3,9,4700,0,1,2,,1,043,US-97,"TENNANT ROAD",15312.00,S,N,A,-,Y,,,97,,,,,,,Y,1,1,1,2,A,-,01,23152,A,N,A,C,A,A,H,-,D,D,0,,,,Y,Y,Y,A,07,0,0,1,0,0,0,0,0,0,"- ","- ",41.65475,-122.11537,SISKIYOU,UNINCORPORATED,-122.11539908,41.654828080000001
90591451,2017,2017-12-08,9145,2017-09-21,1004,014907,,4,1,9,4700,0,1,1,,2,073,"I-5 SOUTHBOUND","NORTH EDGEWOOD OH",79.00,N,N,A,-,Y,,,5,,,,,,S,Y,1,1,0,2,A,-,03,22350,,N,C,C,A,A,H,-,A,D,0,,,,Y,Y,,D,22,0,0,0,0,0,0,0,0,0,"- ","- ",41.471919999999997,-122.45227,SISKIYOU,UNINCORPORATED,-122.45223755000001,41.471942470000002
90609003,2017,2017-12-04,9146,2017-11-27,1247,016333,,1,1,9,4700,0,1,3,,1,021,SR-89,"BIG CANYON RD",52.00,S,N,A,-,Y,,,89,,,,,,,Y,2,0,2,2,A,-,09,21804,A,N,D,C,A,A,H,-,A,D,0,,,,Y,Y,,D,22,2,0,0,0,0,0,0,0,0,"- ","- ",41.287140000000001,-122.2984,SISKIYOU,UNINCORPORATED,-122.29844156,41.28722509
90614449,2017,2017-12-11,9145,2017-12-04,2055,018817,,1,2,2,4709,0,1,3,,1,060,SR-263,"HUDSON ROAD",5280.00,S,N,A,-,Y,,,,,,,,,,Y,2,0,1,1,C,-,18,,,N,E,I,A,C,H,-,D,D,0,,,,,Y,,-,"- ",1,0,0,0,0,0,0,0,0,"- ","- ",41.809959999999997,-122.59209,SISKIYOU,YREKA,-122.59274496,41.811608669999998
90614677,2017,2017-12-11,9145,2017-12-07,1950,018726,,4,2,9,4700,0,1,1,,2,070,"I-5 N/B","HILT ROAD",4224.00,N,N,A,-,Y,,,5,,,,,,N,Y,2,0,1,1,A,-,08,22107,,N,E,I,A,A,H,-,D,D,0,,,,,Y,,A,01,1,0,0,0,0,0,0,0,0,"- ","- ",42.005519999999997,-122.61557999999999,SISKIYOU,UNINCORPORATED,-122.6153252,42.00547692
90621736,2017,2017-12-20,9145,2017-12-16,0020,018254,,6,3,9,4700,0,1,2,,1,043,US-97,"USFS ROAD 45958X",528.00,N,N,A,-,Y,,,97,,,,,,,N,2,0,1,1,A,-,03,22350,,N,E,I,A,C,H,-,D,D,0,,,,,Y,,D,22,1,0,0,0,0,0,0,0,0,"- ","- ",41.73404,-122.05901,SISKIYOU,UNINCORPORATED,-122.05919557,41.733996070000003
90632762,2017,2018-01-04,9145,2017-12-26,0748,017835,,2,1,9,4700,0,1,1,,2,072,"I-5 S/B","GRENADA IRRIGATION DISTRICT",3802.00,S,N,B,E,Y,,,5,,,,,,S,Y,2,0,7,1,A,-,03,22350,,N,F,A,A,C,H,-,A,D,0,,,,,Y,,A,01,1,6,0,0,0,0,0,0,0,"- ","- ",41.593559999999997,-122.50389,SISKIYOU,UNINCORPORATED,-122.50388773,41.593561049999998
90636000,2017,2018-01-09,9145,2017-12-21,1650,018398,,4,2,9,4700,0,2,4,,1,031,"OLD HIGHWAY 99","CRAM GULCH ROAD",1900.00,S,N,A,-,N,,,,,,,,,,Y,2,0,5,3,A,-,05,21460,A,N,A,C,A,A,H,-,B,D,0,,,,,Y,,A,01,2,1,2,0,0,0,0,0,0,"- ","- ",41.65475,-122.57612,SISKIYOU,UNINCORPORATED,-122.5765925,41.654762990000002
90639801,2018,2018-01-15,9146,2018-01-07,0724,017955,,7,1,9,4700,0,1,3,,1,022,SR-89,"ESPERANZA RD.",1056.00,N,N,A,-,Y,,,89,,,,,,,Y,1,2,0,1,A,-,08,22107,,N,E,I,A,A,H,-,A,D,0,,,,,Y,,A,07,0,0,0,0,0,0,0,0,0,"- ","- ",41.255859375,-122.04528045654297,SISKIYOU,UNINCORPORATED,-122.04528045654297,41.255912780761719
90656994,2018,2018-02-07,9145,2018-01-27,0850,017793,,6,1,9,4700,0,1,3,,1,060,"SR-263 N/B","DRY GULCH",20.00,N,N,C,-,Y,,,,,,,,,,Y,2,0,1,1,A,-,08,22107,,N,F,A,A,B,H,-,A,D,0,,,,,Y,,D,22,1,0,0,0,0,0,0,0,0,"- ","- ",41.481300354003906,-122.35540008544922,SISKIYOU,UNINCORPORATED,,
90658276,2018,2018-02-09,9145,2018-01-19,1509,018726,,5,2,9,4700,0,3,5,,2,002,"QUARTZ VALLEY ROAD (WEST)","QUARTZ VALLEY ROAD (EAST)",0.00,,Y,A,-,N,,,,,,,,,,Y,2,0,1,2,A,-,09,21800,A,N,A,C,A,A,H,-,A,D,0,,,,,Y,,A,01,1,0,0,0,0,0,0,0,0,"- ","- ",41.631809234619141,-122.95533752441406,SISKIYOU,UNINCORPORATED,-122.96180989,41.624720060000001
90659441,2018,2018-02-12,9145,2018-02-08,1535,018726,,4,2,9,4700,0,1,3,,1,020,"SR-3 S/B","EASTMAN LANE",30096.00,S,N,A,-,Y,,,3,,,,,,S,Y,2,0,1,1,A,-,08,22107,,N,E,I,A,A,H,-,A,D,0,,,,,Y,,A,08,1,0,0,0,0,0,0,0,0,"- ","- ",41.660240173339844,-122.73757934570312,SISKIYOU,UNINCORPORATED,-122.73763275146484,41.660305023193359
90671750,2018,2018-02-28,9145,2018-01-22,2500,019614,,1,4,9,4700,0,1,3,,1,012,"SR-96 W/B","BEAR CREEK ROAD",4224.00,E,N,B,-,Y,,,96,,,,,,W,Y,1,1,0,1,A,-,03,22350,,N,F,A,A,B,H,-,A,D,0,,,,,Y,,A,07,0,0,0,0,0,0,0,0,0,"- ","- ",41.714649200439453,-123.44597625732422,SISKIYOU,UNINCORPORATED,-123.44596862792969,41.714645385742188
90674067,2018,2018-03-05,9145,2018-02-03,0120,020700,,6,3,9,4700,0,3,5,,2,002,"EAST CALLAHAN ROAD","HORN LN",10560.00,S,N,B,-,N,,,,,,,,,,Y,1,1,1,1,A,-,01,23152,A,N,E,I,A,A,H,-,D,D,0,,,,,Y,Y,D,22,1,0,0,0,0,0,0,0,0,"- ","- ",41.432411193847656,-122.84002685546875,SISKIYOU,UNINCORPORATED,-122.84010314941406,41.433376312255859
90677437,2018,2018-03-08,9145,2018-03-02,2325,020700,,5,3,9,4700,0,2,4,,1,032,"OLD HIGHWAY 99","SISKIYOU BLVD",131.00,W,N,A,-,N,,,,,,,,,,Y,2,0,1,1,A,-,01,23152,A,N,E,I,A,A,H,-,D,D,0,,,,,Y,Y,A,07,1,0,0,0,0,0,0,0,0,"- ","- ",41.603199005126953,-122.52355194091797,SISKIYOU,UNINCORPORATED,-122.52366638183594,41.603286743164062
90723236,2018,2018-05-09,9145,2018-04-28,2230,018210,,6,3,9,4700,0,3,5,,2,004,"EAST BUTTE VALLEY RD","SHADY DELL RD",13200.00,N,N,C,-,N,,,,,,,,,,Y,2,0,2,1,A,-,01,23152,A,N,F,A,A,B,H,-,D,D,0,,,,,Y,Y,D,22,1,1,0,0,0,0,0,0,0,"- ","- ",41.909030914306641,-121.89517211914062,SISKIYOU,UNINCORPORATED,-121.89484405517578,41.908378601074219
90780614,2018,2018-07-30,9145,2018-07-24,1803,018485,,2,2,9,4700,0,3,5,,2,003,"STEWART SPRINGS RD","OLD HIGHWAY 99     S",4752.00,W,N,B,-,N,,,,,,,,,,Y,2,0,1,1,A,-,08,22107,,N,F,A,A,A,H,-,A,D,0,,,Y,,Y,,C,02,1,0,0,0,0,0,0,0,1,"- ","- ",41.438098907470703,-122.45641326904297,SISKIYOU,UNINCORPORATED,-122.45634460449219,41.438087463378906
90793014,2018,2018-08-17,9145,2018-08-09,1330,017540,,4,1,9,4700,0,1,3,,1,061,"STATE ROUTE 96","OAK KNOLL RD",528.00,E,N,A,-,Y,,,96,,,,,,,Y,2,0,1,1,A,-,03,22350,,N,F,A,A,A,H,-,A,D,0,,,Y,,Y,,C,02,1,0,0,0,0,0,0,0,1,"- ","- ",41.834098815917969,-122.84712219238281,SISKIYOU,UNINCORPORATED,-122.84710693359375,41.834144592285156
90793274,2018,2018-08-17,9145,2018-08-09,1120,016857,,4,1,9,4700,0,2,4,,1,051,"MONTAGUE GRENADA RD","OBERLIN RD",0.00,,Y,A,-,N,,,,,,,,,,Y,2,0,2,2,A,-,09,21802,A,N,D,C,A,A,H,-,A,A,0,,,,,Y,,A,01,1,1,0,0,0,0,0,0,0,"- ","- ",41.705478668212891,-122.5396728515625,SISKIYOU,UNINCORPORATED,-122.53986990999999,41.705570049999999
90799180,2018,2018-08-27,9145,2018-08-23,1728,018398,,4,2,9,4700,0,3,5,,2,003,"ARROYO DRIVE","DEL COURT",74.00,E,N,A,-,N,,,,,,,,,,N,2,0,1,1,A,-,01,23152,A,N,F,A,A,A,H,-,A,D,0,,,Y,,Y,Y,C,02,1,0,0,0,0,0,0,0,1,"- ","- ",41.697700500488281,-122.63706970214844,SISKIYOU,UNINCORPORATED,-122.63706970214844,41.697715759277344
90806411,2018,2018-09-05,9145,2018-08-22,1930,018604,,3,2,9,4700,0,3,5,,2,006,"HUMBUG RD","GEORGIA WAY",10032.00,N,N,A,-,N,,,,,,,,,,Y,2,0,2,1,A,-,08,22107,,N,F,A,A,A,H,-,B,D,0,,,,,Y,,A,01,1,1,0,0,0,0,0,0,0,"- ","- ",41.755741119384766,-122.68116760253906,SISKIYOU,UNINCORPORATED,-122.65617370605469,41.741199493408203
90810649,2018,2018-11-15,9145,2018-08-29,1209,014553,,3,1,9,4700,0,2,4,,1,023,"SCOTT RIVER ROAD","BRIDGE ST.",1284.00,W,N,A,-,N,,,,,,,,,,Y,2,0,1,1,A,-,08,22107,,N,F,A,A,A,H,-,A,D,0,,,,,Y,,D,23,1,0,0,0,0,0,0,0,0,"- ","- ",41.608180999755859,-122.85276794433594,SISKIYOU,UNINCORPORATED,-122.85274505615234,41.607955932617188
90813237,2018,2018-09-14,9145,2018-09-08,2115,013713,,6,2,9,4700,0,3,5,,2,001,"ELK CREEK ROAD","CURLEY JACK ROAD",14520.00,S,N,A,-,N,,,,,,,,,,Y,2,0,1,1,A,-,03,22350,,N,F,A,A,A,H,-,D,D,0,,,Y,,Y,Y,C,02,1,0,0,0,0,0,0,0,1,"- ","- ",41.763980865478516,-123.36354064941406,SISKIYOU,UNINCORPORATED,-123.36209106445312,41.764842987060547
90817900,2018,2018-09-20,9145,2018-07-29,0950,014441,,7,1,9,4700,0,1,3,,1,080,SR-161,SR-139,0.00,,Y,A,E,Y,,,161,,,,,,,Y,1,1,7,2,A,-,12,22450,A,N,D,D,A,A,H,-,A,A,0,,,,,Y,,D,22,4,2,1,0,0,0,0,0,0,"- ","- ",41.998291015625,-121.51934051513672,SISKIYOU,UNINCORPORATED,-121.51952362060547,41.998275756835938
90824356,2018,2018-09-28,9145,2018-09-22,0325,021199,,6,3,9,4700,0,2,4,,1,051,"AGER RD","SHELLEY RD",1416.00,N,N,A,-,N,,,,,,,,,,Y,2,0,1,1,A,-,08,22107,,N,F,I,A,A,H,-,D,D,0,,,,,Y,,A,07,1,0,0,0,0,0,0,0,0,"- ","- ",41.775398254394531,-122.52462005615234,SISKIYOU,UNINCORPORATED,-122.52455902099609,41.775283813476562
90824363,2018,2018-09-28,9145,2018-09-21,1230,017540,,5,1,9,4700,0,1,3,,1,061,SR-96,"KLAMTH RIVER BRIDGE 2-117",1056.00,E,N,A,-,N,,,96,,,,,,,Y,2,0,1,1,A,-,08,22107,,N,E,I,A,A,H,-,A,D,0,,,Y,,Y,,C,02,1,0,0,0,0,0,0,0,1,"- ","- ",41.8255615234375,-122.97386932373047,SISKIYOU,UNINCORPORATED,-122.97388458251953,41.825550079345703
90851563,2018,2018-11-02,9145,2018-10-10,1710,015241,,3,2,9,4700,0,3,5,,2,004,"RICHARDSON RD",US-97,5808.00,W,N,A,-,N,,,,,,,,,,Y,2,0,2,1,A,-,08,22107,,N,F,A,A,A,H,-,A,D,0,,,,,Y,,D,22,1,1,0,0,0,0,0,0,0,"- ","- ",41.952339172363281,-121.94696807861328,SISKIYOU,UNINCORPORATED,-121.94622802734375,41.95233154296875
90857752,2018,2018-11-12,9146,2018-11-02,1143,017955,,5,1,9,4700,0,3,5,,2,001,US-97,"BIG SPRINGS RD",14.00,S,N,A,-,Y,,,97,,,,,,,Y,2,0,3,3,A,-,09,21801,A,F,A,C,A,A,H,-,A,D,0,,,,,Y,,-,99,1,0,2,0,0,0,0,0,0,"- ","- ",41.472599029541016,-122.35150146484375,SISKIYOU,UNINCORPORATED,-122.35164642333984,41.472652435302734
90859583,2018,2018-11-14,9145,2018-10-30,1255,018210,,2,1,9,4700,0,1,3,,1,081,"MAIN ST",SR-139,0.00,,Y,A,-,Y,,,,,,,,,,Y,2,0,3,2,A,-,01,23152,A,N,D,C,A,A,H,-,A,A,0,,,,,Y,Y,A,01,1,2,0,0,0,0,0,0,0,"- ","- ",41.958648681640625,-121.47470855712891,SISKIYOU,UNINCORPORATED,-121.47492218017578,41.958419799804688
90860911,2018,2019-01-14,9145,2018-09-10,0819,017793,,1,1,9,4700,0,1,3,,1,021,"STATE ROUTE 3","QUARTZ VALLEY ROAD",528.00,N,N,A,-,Y,,,,,,,,,,Y,1,1,1,3,A,-,03,22350,,N,G,B,E,A,H,-,A,D,0,Y,,,,Y,Y,A,01,0,0,1,1,0,0,0,0,0,"- ","- ",41.3326416015625,-122.53968048095703,SISKIYOU,UNINCORPORATED,-122.89986419677734,41.553997039794922
90872074,2018,2018-12-31,9146,2018-11-23,2500,019167,,5,4,9,4700,0,1,1,,2,010,"I-5 N/B","VISTA DR.",1000.00,S,N,C,-,Y,,,5,,,,,,N,Y,1,1,0,1,A,-,01,23152,A,N,E,I,A,B,H,-,D,D,0,,,,,Y,Y,A,01,0,0,0,0,0,0,0,0,0,"- ","- ",41.391689300537109,-122.37526702880859,SISKIYOU,UNINCORPORATED,-122.37517547607422,41.391719818115234
90875038,2018,2019-05-02,9146,2018-01-26,1509,017540,,5,2,9,4700,0,1,S,,2,904,"INTERSTATE 5 S/B","N. MT. SHASTA UNION PACIFIC OVERCROSSING",360.00,S,N,B,-,Y,,,5,,,,,,S,Y,2,0,1,1,A,-,08,22107,,N,F,A,A,A,H,-,A,D,0,,,,,Y,,A,01,1,0,0,0,0,0,0,0,0,"- ","- ",41.329639434814453,-122.33090209960938,SISKIYOU,UNINCORPORATED,-122.33102416992188,41.329574584960938
90909568,2018,2019-03-12,9145,2018-11-04,1701,018817,,7,2,9,4700,0,2,4,,1,031,"OLD HWY 99","OLD WESTSIDE RD",305.00,S,N,A,-,N,,,,,,,,,,Y,1,1,1,2,A,-,01,23152,A,N,A,C,A,A,H,-,D,D,0,,,,,Y,Y,D,22,0,1,0,0,0,0,0,0,0,"- ","- ",41.608089447021484,-122.52938842773438,SISKIYOU,UNINCORPORATED,-122.52983856201172,41.608699798583984
90921290,2018,2019-02-07,9145,2018-11-21,1544,015241,,3,2,9,4700,0,1,2,,1,043,US-97,"TENNANT RD",7392.00,N,N,B,-,Y,,,97,,,,,,,Y,1,1,1,4,A,-,08,22107,,N,D,C,A,A,H,-,A,D,0,,,,Y,Y,,A,08,1,0,0,0,0,0,0,0,0,"- ","- ",41.688011169433594,-122.04598999023438,SISKIYOU,UNINCORPORATED,-122.04600524902344,41.688098907470703
90937641,2019,2019-03-01,9145,2019-02-21,0710,016857,,4,1,9,4700,0,1,1,,2,072,"I-5 N/B","GRENADA O/H BR. 2-30",255.00,N,N,A,-,Y,,,5,,,,,,N,Y,2,0,1,1,A,-,03,22350,,N,F,A,A,C,G,-,B,D,0,,,,,Y,,E,23,1,0,0,0,0,0,0,0,0,"- ","- ",41.629539489746094,-122.52285766601562,SISKIYOU,UNINCORPORATED,-122.52305603027344,41.629379272460938
90952992,2019,2019-03-25,9146,2019-03-14,2145,017958,,4,2,9,4700,0,2,4,,1,015,"SOUTH OLD STAGE ROAD","W.A. BARR",2059.00,S,N,A,-,N,,,,,,,,,,Y,1,1,0,1,A,-,08,22107,,N,E,I,A,A,H,-,D,D,0,,,,,Y,,A,07,0,0,0,0,0,0,0,0,0,"- ","- ",41.301891326904297,-122.31929016113281,SISKIYOU,UNINCORPORATED,-122.32494354248047,41.305370330810547
90965989,2019,2019-04-11,9145,2019-04-03,0145,020700,,3,3,9,4700,0,1,3,,1,061,SR-96,"WALKER BRIDGE CONNECTION RD",8.00,E,N,C,-,Y,,,96,,,,,,,Y,2,0,2,1,A,-,08,22107,,N,E,I,A,B,H,-,D,D,0,,,,,Y,,A,07,1,0,1,0,0,0,0,0,0,"- ","- ",41.826629638671875,-122.97920227050781,SISKIYOU,UNINCORPORATED,-122.97920989990234,41.826717376708984
90974509,2019,2019-05-07,9146,2019-04-17,1010,015150,,3,1,9,4700,0,1,3,,1,021,"SR-89 S/B","COLUMBERO DR.",5808.00,N,N,A,-,Y,,,89,,,,,,S,Y,2,0,5,4,A,-,03,22350,,N,C,C,A,A,D,H,A,A,0,,,,Y,Y,,G,25,1,4,0,0,0,0,0,0,0,"- ","- ",41.266441345214844,-122.17460632324219,SISKIYOU,UNINCORPORATED,-122.17460632324219,41.266456604003906