CASE_ID,ACCIDENT_YEAR,PROC_DATE,JURIS,COLLISION_DATE,COLLISION_TIME,OFFICER_ID,REPORTING_DISTRICT,DAY_OF_WEEK,CHP_SHIFT,POPULATION,CNTY_CITY_LOC,SPECIAL_COND,BEAT_TYPE,CHP_BEAT_TYPE,CITY_DIVISION_LAPD,CHP_BEAT_CLASS,BEAT_NUMBER,PRIMARY_RD,SECONDARY_RD,DISTANCE,DIRECTION,INTERSECTION,WEATHER_1,WEATHER_2,STATE_HWY_IND,CALTRANS_COUNTY,CALTRANS_DISTRICT,STATE_ROUTE,ROUTE_SUFFIX,POSTMILE_PREFIX,POSTMILE,LOCATION_TYPE,RAMP_INTERSECTION,SIDE_OF_HWY,TOW_AWAY,COLLISION_SEVERITY,NUMBER_KILLED,NUMBER_INJURED,PARTY_COUNT,PRIMARY_COLL_FACTOR,PCF_CODE_OF_VIOL,PCF_VIOL_CATEGORY,PCF_VIOLATION,PCF_VIOL_SUBSECTION,HIT_AND_RUN,TYPE_OF_COLLISION,MVIW,PED_ACTION,ROAD_SURFACE,ROAD_COND_1,ROAD_COND_2,LIGHTING,CONTROL_DEVICE,CHP_ROAD_TYPE,PEDESTRIAN_ACCIDENT,BICYCLE_ACCIDENT,MOTORCYCLE_ACCIDENT,TRUCK_ACCIDENT,NOT_PRIVATE_PROPERTY,ALCOHOL_INVOLVED,STWD_VEHTYPE_AT_FAULT,CHP_VEHTYPE_AT_FAULT,COUNT_SEVERE_INJ,COUNT_VISIBLE_INJ,COUNT_COMPLAINT_PAIN,COUNT_PED_KILLED,COUNT_PED_INJURED,COUNT_BICYCLIST_KILLED,COUNT_BICYCLIST_INJURED,COUNT_MC_KILLED,COUNT_MC_INJURED,PRIMARY_RAMP,SECONDARY_RAMP,LATITUDE,LONGITUDE,COUNTY,CITY,POINT_X,POINT_Y
90979292,2019,2019-04-30,9145,2019-04-24,1545,018726,,3,2,9,4700,0,1,3,,1,050,SR-3,"MONTAGUE AIRPORT ROAD",143.00,W,N,A,-,Y,,,3,,,,,,,Y,2,0,2,2,A,-,03,22350,,N,C,C,A,A,H,-,A,D,0,,,,,Y,,A,01,1,1,0,0,0,0,0,0,0,"- ","- ",41.724601745605469,-122.5406494140625,SISKIYOU,UNINCORPORATED,-122.5406494140625,41.724617004394531
90985448,2019,2019-08-08,9145,2019-04-28,1952,018817,,7,2,9,4700,0,1,3,,1,060,SR-263,"OLD SHASTA RIVER RD",4224.00,N,N,A,-,Y,,,263,,,,,,,Y,1,1,0,1,A,-,08,22107,,N,E,I,A,A,H,-,A,D,0,,,Y,,Y,,C,02,0,0,0,0,0,0,0,1,0,"- ","- ",41.786331176757812,-122.60059356689453,SISKIYOU,UNINCORPORATED,-122.60068511962891,41.786312103271484
90990831,2019,2019-05-17,9145,2019-05-04,0320,020819,,6,3,9,4700,0,1,3,,1,061,"SR-96 W/B","BEAVER CREEK RD",1572.00,W,N,A,-,Y,,,96,,,,,,W,Y,2,0,1,1,A,-,01,23152,G,N,E,I,A,A,H,-,D,D,0,,,,,Y,Y,A,01,1,0,0,0,0,0,0,0,0,"- ","- ",41.86614990234375,-122.81960296630859,SISKIYOU,UNINCORPORATED,-122.81956481933594,41.866115570068359
90993051,2019,2019-05-21,9145,2019-03-06,1455,018604,,3,2,9,4700,0,3,5,,2,003,"BIG SPRINGS ROAD","FLINT COURT",235.00,N,N,B,-,N,,,,,,,,,,Y,1,1,0,1,A,-,01,23152,F,N,F,A,A,A,H,-,A,D,0,,,,,Y,,D,22,0,0,0,0,0,0,0,0,0,"- ","- ",41.383201599121094,-122.23570251464844,SISKIYOU,UNINCORPORATED,-122.399169921875,41.64215087890625
90996818,2019,2019-05-28,9145,2019-05-10,1730,019711,,5,2,9,4700,0,2,4,,1,034,"BIG SPRINGS RD","JUNIPER VALLEY RD.",200.00,S,N,A,-,N,,,,,,,,,,Y,2,0,1,1,A,-,01,23152,A,N,E,I,A,A,H,-,A,D,0,,,,,Y,,A,07,1,0,0,0,0,0,0,0,0,"- ","- ",41.540241241455078,-122.36547088623047,SISKIYOU,UNINCORPORATED,-122.36553192138672,41.540279388427734
91023340,2019,2019-07-02,9146,2019-06-20,1910,017958,,4,2,9,4700,0,3,5,,2,002,"UNNAMED DIRT ROAD","HOTLAM ROAD",447.00,N,N,A,-,N,,,,,,,,,,N,2,0,1,1,A,-,03,38305,,N,F,A,A,A,H,-,A,D,0,,,Y,,Y,,C,06,1,0,0,0,0,0,0,0,1,"- ","- ",41.484298706054688,-122.34059906005859,SISKIYOU,UNINCORPORATED,,
91030120,2019,2019-07-12,9145,2019-07-07,1140,013713,,7,1,9,4700,0,1,3,,1,012,SR-96,"SECOND AVE",143.00,E,N,A,-,Y,,,96,,,,,,,Y,2,0,1,1,C,-,18,,,N,H,H,A,A,H,-,A,D,0,,,Y,,Y,,-,"- ",1,0,0,0,0,0,0,0,1,"- ","- ",41.789089202880859,-123.38291931152344,SISKIYOU,UNINCORPORATED,-123.38291168212891,41.789077758789062
91058540,2019,2019-09-23,9145,2019-07-20,1920,020700,,6,2,9,4700,0,3,5,,2,003,"EAST LOUIE RD","SLOUGH RD",406.00,E,N,A,-,N,,,,,,,,,,Y,1,1,0,1,A,-,01,23152,A,N,E,I,A,A,H,-,A,D,0,,,,,Y,Y,A,07,0,0,0,0,0,0,0,0,0,"- ","- ",41.553218841552734,-122.47563934326172,SISKIYOU,UNINCORPORATED,-122.47573089599609,41.553253173828125
91071789,2019,2019-09-10,9145,2019-08-30,1945,013713,,5,2,2,4709,0,1,3,,1,012,SR-96,"LITTLE NIAGARA CREEK",792.00,E,N,A,-,Y,,,,,,,,,,Y,2,0,1,1,A,-,03,22350,,N,F,A,A,A,H,-,B,A,0,,,Y,,Y,,C,02,1,0,0,0,0,0,0,0,1,"- ","- ",41.763519287109375,-123.40001678466797,SISKIYOU,YREKA,,
91082588,2019,2019-09-25,9145,2019-09-23,0915,017835,,1,1,9,4700,0,1,3,,1,061,"SR-96 W/B","BEAVER CREEK RD",13992.00,W,N,A,-,Y,,,,,,,,,,Y,2,0,1,1,A,-,08,22107,,N,E,I,A,A,H,-,A,D,0,,,Y,,Y,,C,02,1,0,0,0,0,0,0,0,1,"- ","- ",41.500541687011719,-122.50839996337891,SISKIYOU,UNINCORPORATED,-122.83869934082031,41.839004516601562
91083331,2019,2019-10-31,9145,2019-09-13,0030,018254,,5,3,9,4700,0,3,5,,2,004,"PICARD ROAD","MATHEWS ROAD",6864.00,E,N,A,-,N,,,,,,,,,,Y,2,0,1,1,A,-,03,22350,,N,H,J,A,A,H,-,D,D,0,,,,,Y,,D,22,1,0,0,0,0,0,0,0,0,"- ","- ",41.966751098632812,-121.94019317626953,SISKIYOU,UNINCORPORATED,-121.93229675292969,41.966838836669922
91088188,2019,2019-10-01,9145,2019-09-21,1610,020819,,6,2,9,4700,0,3,5,,2,003,"GAZELLE CALLAHAN RD","DEWEY MINE RD",20064.00,S,N,A,-,N,,,,,,,,,,Y,2,0,1,1,A,-,01,23152,A,N,E,I,A,A,H,-,A,D,0,,,Y,,Y,Y,C,02,1,0,0,0,0,0,0,0,1,"- ","- ",41.448051452636719,-122.64086151123047,SISKIYOU,UNINCORPORATED,-122.6409912109375,41.449092864990234
91142288,2019,2019-12-12,9146,2019-11-26,1426,017955,,2,2,9,4700,0,1,1,,2,010,"I-5 (SB)","N. MT. SHASTA BLVD OC",515.00,S,N,D,-,Y,,,5,,,,,,,Y,2,0,3,2,A,-,03,22350,,N,C,E,A,C,G,-,A,A,0,,,,Y,Y,,A,01,2,1,0,0,0,0,0,0,0,"- ","- ",41.329898834228516,-122.33119964599609,SISKIYOU,UNINCORPORATED,-122.33119964599609,41.329898834228516
91183471,2020,2020-02-10,9145,2020-02-01,2231,021199,,6,3,9,4700,0,2,4,,1,034,"BIG SPRINGS RD","JUNIPER LN",1320.00,S,N,C,-,Y,,,,,,,,,,Y,2,0,4,1,A,-,08,22107,,N,E,I,A,B,H,-,D,D,0,,,,,Y,,A,01,1,3,0,0,0,0,0,0,0,"- ","- ",41.612190246582031,-122.39962005615234,SISKIYOU,UNINCORPORATED,-122.39957427978516,41.612937927246094
91186979,2020,2020-02-14,9145,2020-02-07,1726,018151,,5,2,9,4700,0,2,4,,1,037,"COUNTY ROAD A-12","BLACKSMITH RD",0.00,,N,A,-,N,,,,,,,,,,Y,2,0,2,2,A,-,08,22107,,N,B,C,A,A,H,-,A,D,0,,,,,Y,,A,07,1,0,1,0,0,0,0,0,0,"- ","- ",41.593498229980469,-122.31551361083984,SISKIYOU,UNINCORPORATED,-122.32152600000001,41.594355
91194909,2020,2020-02-27,9145,2020-02-19,2200,018604,,3,3,9,4700,0,1,3,,1,061,SR-96,"DUTCH CREEK RD",15840.00,E,N,A,-,Y,,,96,,,,,,,Y,2,0,1,1,A,-,08,22107,,N,E,I,A,A,H,-,E,D,0,,,,,Y,,A,01,1,0,0,0,0,0,0,0,0,"- ","- ",41.855430603027344,-122.70094299316406,SISKIYOU,UNINCORPORATED,-122.70094299316406,41.855430603027344
91208126,2020,2020-06-26,9145,2020-03-12,0729,018124,,4,1,9,4700,0,1,2,,1,043,US-97,"TENNANT RD",14256.00,S,N,A,-,Y,,,97,,,,,,,Y,2,0,1,1,A,-,08,22107,,N,F,A,A,A,H,-,A,D,0,,,,,Y,Y,D,22,1,0,0,0,0,0,0,0,0,"- ","- ",41.654800415039062,-122.11569976806641,SISKIYOU,UNINCORPORATED,-122.11566925048828,41.654727935791016
91214301,2020,2020-03-23,9145,2020-03-18,0925,014553,,3,1,9,4700,0,1,1,,2,073,"I-5 SOUTHBOUND","WEED AIRPORT RD.",2112.00,N,N,B,-,Y,,,,,,,,,,Y,2,0,1,2,A,-,03,22350,,N,C,C,A,A,H,-,A,D,0,,,,Y,Y,,E,22,1,0,0,0,0,0,0,0,0,"- ","- ",41.285758972167969,-122.27304840087891,SISKIYOU,UNINCORPORATED,,
91214826,2020,2020-03-24,9146,2020-03-15,0930,014814,,7,1,9,4700,0,2,4,,1,015,"NORTH OLD STAGE RD","HAZELNUT DR",528.00,S,N,D,-,N,,,,,,,,,,Y,2,0,3,1,A,-,03,22350,,N,E,I,A,C,H,-,A,D,0,,,,,Y,,A,07,1,2,0,0,0,0,0,0,0,"- ","- ",41.380840301513672,-122.38774108886719,SISKIYOU,UNINCORPORATED,-122.38775634765625,41.3809814453125
91242686,2020,2020-05-27,9145,2020-05-21,0145,020819,,4,3,9,4700,0,2,4,,1,034,"COUNTY ROAD A-12","HARRY CASH RD",1584.00,E,N,A,-,N,,,,,,,,,,Y,2,0,1,1,A,-,01,23152,A,N,E,I,A,A,H,-,D,D,0,,,,,Y,Y,D,22,1,0,0,0,0,0,0,0,0,"- ","- ",41.584648132324219,-122.29537963867188,SISKIYOU,UNINCORPORATED,-122.297646,41.586066000000002
91246608,2020,2020-08-25,9145,2020-06-02,0722,014553,,2,1,9,4700,0,1,1,,2,072,"I-5 NORTHBOUND","MOONLIT OAKS AVE.",2866.00,S,N,A,-,Y,,,5,,,,,,N,Y,1,1,0,1,A,-,08,22107,,N,E,I,A,A,H,-,A,D,0,,,,,Y,,D,22,0,0,0,0,0,0,0,0,0,"- ","- ",41.696178436279297,-122.64009857177734,SISKIYOU,UNINCORPORATED,-122.63999176025391,41.696220397949219
91248350,2020,2020-06-08,9145,2020-05-31,2230,018254,,7,3,9,4700,0,3,5,,2,004,"PICARD ROAD","PICARD SAMS NECK CON",528.00,W,N,A,-,N,,,,,,,,,,Y,2,0,3,1,A,-,03,22350,,N,E,I,A,A,H,-,D,A,0,,,,,Y,,A,07,1,2,0,0,0,0,0,0,0,"- ","- ",41.96649169921875,-122.01790618896484,SISKIYOU,UNINCORPORATED,,
91254149,2020,2020-06-18,9145,2020-06-11,1910,018604,,4,2,9,4700,0,3,5,,2,003,"SCARFACE RD","CRAM GULCH RD",2000.00,W,N,A,-,N,,,,,,,,,,Y,2,0,1,1,A,-,01,23152,A,M,E,J,A,A,H,-,D,D,0,,,,,Y,Y,A,01,1,0,0,0,0,0,0,0,0,"- ","- ",41.538200378417969,-122.5614013671875,SISKIYOU,UNINCORPORATED,-122.56179046630859,41.538177490234375
91260395,2020,2020-06-29,9145,2020-06-17,1830,016340,,3,2,9,4700,0,3,5,,2,002,"NORTH KIDDER CREEK ROAD","BIRD TRACKS LN",12144.00,W,N,A,-,N,,,,,,,,,,Y,2,0,3,1,A,-,08,22107,,N,E,I,A,A,H,-,A,D,0,,,,,Y,,A,07,1,2,0,0,0,0,0,0,0,"- ","- ",41.312599182128906,-122.58209991455078,SISKIYOU,UNINCORPORATED,-122.95909118652344,41.533950805664062
91261584,2020,2020-07-01,9145,2020-06-22,1235,015241,,1,1,9,4700,0,3,5,,2,004,"EAST BUTTE VALLEY RD","DORRIS BROWNELL RD",16368.00,S,N,A,-,N,,,,,,,,,,Y,2,0,1,1,C,-,18,,,N,E,I,A,A,H,-,A,D,0,,,,,Y,,-,"- ",1,0,0,0,0,0,0,0,0,"- ","- ",41.918418884277344,-121.90293884277344,SISKIYOU,UNINCORPORATED,,
91264585,2020,2020-07-07,9145,2020-07-06,0940,017835,,1,1,9,4700,0,3,5,,2,005,"AGER BESWICK RD","CREST RD.",8976.00,E,N,A,-,N,,,,,,,,,,Y,2,0,1,1,A,-,08,22107,,N,E,I,A,A,H,-,A,D,0,,,,,Y,,A,07,1,0,0,0,0,0,0,0,0,"- ","- ",41.940078735351562,-122.34456634521484,SISKIYOU,UNINCORPORATED,-122.34444427490234,41.940731048583984
91268523,2020,2020-07-14,9145,2020-07-12,0930,017793,,7,1,9,4700,0,3,5,,2,002,"LIGHTHILL RD","ORO FINO RD",1584.00,E,N,A,-,N,,,,,,,,,,N,2,0,1,1,A,-,08,22107,,N,F,A,A,A,H,-,A,D,0,,,Y,,Y,,C,02,1,0,0,0,0,0,0,0,1,"- ","- ",41.584991455078125,-122.90589904785156,SISKIYOU,UNINCORPORATED,-122.90657806396484,41.584884643554688
91269107,2020,2020-07-15,9146,2020-07-05,1335,015588,,7,1,9,4700,0,2,4,,1,015,"N. OLD STAGE RD.","HAZELNUT LANE",185.00,S,N,A,-,N,,,,,,,,,,N,2,0,1,1,A,-,03,22350,,N,F,A,A,A,H,-,A,D,0,,,Y,,Y,,C,02,1,0,0,0,0,0,0,0,1,"- ","- ",41.381698608398438,-122.38838958740234,SISKIYOU,UNINCORPORATED,-122.38833618164062,41.381755828857422
91272182,2020,2020-07-21,9145,2020-05-13,0250,015241,,3,3,9,4700,0,1,2,,1,043,US-97,"COUNTY ROAD A-12",4752.00,N,N,B,-,Y,,,97,,,,,,,Y,1,1,0,2,A,-,08,22107,,N,C,E,A,B,H,-,D,D,0,,,,Y,Y,,A,01,0,0,0,0,0,0,0,0,0,"- ","- ",41.543201446533203,-122.22895812988281,SISKIYOU,UNINCORPORATED,-122.22884368896484,41.5430908203125
91281728,2020,2020-08-06,9146,2020-08-02,2145,018675,,7,2,9,4700,0,1,3,,1,022,"SR-89 S/B","DEAD HORSE CANYON RD.",3696.00,N,N,A,-,Y,,,89,,,,,,S,Y,2,0,1,3,A,-,01,23152,A,N,A,C,A,A,C,-,D,D,0,,,,,Y,Y,A,07,1,0,0,0,0,0,0,0,0,"- ","- ",41.209739685058594,-121.78456115722656,SISKIYOU,UNINCORPORATED,-121.78453063964844,41.209762573242188
91288537,2020,2020-08-18,9145,2020-08-16,2215,021168,,7,3,9,4700,0,1,1,,2,072,I-5,"LOUIE ROAD O/C",5280.00,N,N,A,-,Y,,,5,,,,,,,Y,2,0,1,1,A,-,01,23152,A,N,E,I,A,A,H,-,D,D,0,,,,,Y,Y,A,01,1,0,0,0,0,0,0,0,0,"- ","- ",41.565288543701172,-122.49375915527344,SISKIYOU,UNINCORPORATED,-122.49370574951172,41.565319061279297
91297951,2020,2020-09-02,9145,2020-08-23,1225,018254,,7,1,9,4700,0,1,2,,1,042,US-97,"MEISS LAKE SAMS NECK RD",6336.00,N,N,A,-,Y,,,97,,,,,,,Y,2,0,1,2,A,-,03,22350,,N,C,C,A,A,H,-,A,D,0,,,Y,,Y,,C,02,1,0,0,0,0,0,0,0,1,"- ","- ",41.909969329833984,-121.95368194580078,SISKIYOU,UNINCORPORATED,-121.95361328125,41.909912109375
91303251,2020,2020-09-11,9145,2020-09-06,1905,020700,,7,2,9,4700,0,2,4,,1,051,"AGER ROAD","COOLEY ROAD",80.00,N,N,A,-,Y,,,,,,,,,,Y,2,0,1,1,A,-,01,23152,A,N,E,I,A,A,H,-,A,D,0,,,,,Y,Y,A,07,1,0,0,0,0,0,0,0,0,"- ","- ",41.807750701904297,-122.49861907958984,SISKIYOU,UNINCORPORATED,-122.50267028808594,41.804931640625
91305463,2020,2020-09-16,9145,2020-09-07,1702,021168,,1,2,9,4700,0,1,1,,2,072,I-5,"LOUIE ROAD",1584.00,N,N,A,-,Y,,,5,,,,,,,Y,2,0,3,1,A,-,08,22107,,N,F,I,A,A,H,-,A,D,0,,,,,Y,,A,01,1,2,0,0,0,0,0,0,0,"- ","- ",41.562530517578125,-122.49160003662109,SISKIYOU,UNINCORPORATED,-122.49161529541016,41.562519073486328
91308460,2020,2020-09-21,9145,2020-09-12,0213,021593,,6,3,9,4700,0,3,5,,2,005,"OBERLIN RD","PHILLIPE LN",2112.00,W,N,A,-,N,,,,,,,,,,Y,2,0,1,1,A,-,01,23152,A,N,E,I,A,A,H,-,D,D,0,,,,,Y,Y,A,01,1,0,0,0,0,0,0,0,0,"- ","- ",41.711681365966797,-122.60061645507812,SISKIYOU,UNINCORPORATED,-122.60137939453125,41.711631774902344
91312885,2020,2020-09-28,9146,2020-09-23,1940,018347,,3,2,9,4700,0,1,1,,2,010,"I-5 N/B","TRUCK VILLAGE DRIVE",2112.00,S,N,A,-,Y,,,5,,,,,,N,Y,2,0,1,1,A,-,08,22107,,N,E,I,A,A,H,-,D,D,0,,,,,Y,,A,01,1,0,0,0,0,0,0,0,0,"- ","- ",41.364208221435547,-122.36605072021484,SISKIYOU,UNINCORPORATED,-122.36600494384766,41.3642578125
91315298,2020,2020-09-30,9145,2020-09-20,1050,018604,,7,1,9,4700,0,1,1,,2,070,"I-5 S/B",SR-96,6864.00,N,N,A,-,Y,,,5,,,,,,S,Y,2,0,1,1,A,-,08,22107,,N,E,I,A,A,H,-,A,D,0,,,,,Y,,A,01,1,0,0,0,0,0,0,0,0,"- ","- ",41.8731689453125,-122.56085205078125,SISKIYOU,UNINCORPORATED,-122.56070709228516,41.873126983642578
91337687,2020,2020-11-03,9145,2020-10-24,1245,020700,,6,1,9,4700,0,3,5,,2,006,"YREKA WALKER RD","KLAMATH RIVER RD",5280.00,S,N,A,-,N,,,,,,,,,,Y,2,0,1,1,A,-,01,23152,A,N,F,A,A,A,H,-,A,D,0,,,,,Y,Y,D,22,1,0,0,0,0,0,0,0,0,"- ","- ",41.832111358642578,-122.83151245117188,SISKIYOU,UNINCORPORATED,-122.82649993896484,41.828205108642578
91341051,2020,2020-11-06,9145,2020-11-01,2020,020819,,7,2,9,4700,0,3,5,,2,002,"EASTSIDE RD","ELLER LN",1050.00,S,N,A,-,N,,,,,,,,,,Y,2,0,1,1,A,-,01,23152,A,N,E,I,A,A,H,-,D,D,0,,,,,Y,Y,D,22,1,0,0,0,0,0,0,0,0,"- ","- ",41.516719818115234,-122.83953857421875,SISKIYOU,UNINCORPORATED,,
91341091,2020,2020-11-06,9145,2020-11-03,0819,016857,,2,1,9,4700,0,1,1,,2,072,"I-5 N/B","WALTERS LN",1637.00,S,N,A,-,Y,,,5,,,,,,N,Y,2,0,1,1,A,-,08,22107,,N,F,A,A,A,H,-,A,D,0,,,,,Y,Y,A,07,1,0,0,0,0,0,0,0,0,"- ","- ",41.683219909667969,-122.63326263427734,SISKIYOU,UNINCORPORATED,-122.63312530517578,41.683368682861328
91343254,2020,2020-12-07,9145,2020-11-05,2017,018151,,4,2,9,4700,0,1,1,,2,073,"I-5 S/B","EDGEWOOD ROAD",4224.00,N,N,A,-,Y,,,5,,,,,,S,Y,2,0,2,1,A,-,08,22107,,N,E,I,A,A,H,-,C,D,0,,,,,Y,,D,22,1,0,1,0,0,0,0,0,0,"- ","- ",41.451778411865234,-122.44284820556641,SISKIYOU,UNINCORPORATED,-122.44287872314453,41.451759338378906
91344349,2020,2020-11-12,9145,2020-11-07,1335,016040,,6,1,9,4700,0,2,4,,1,023,"SCOTT RIVER ROAD","ROSEDALE LN",3168.00,W,N,B,-,N,,,,,,,,,,Y,2,0,1,1,A,-,08,22107,,N,F,A,A,A,H,-,A,D,0,,,,,Y,,D,22,1,0,0,0,0,0,0,0,0,"- ","- ",41.638969421386719,-122.91182708740234,SISKIYOU,UNINCORPORATED,-122.91223907470703,41.639137268066406
91355762,2020,2020-11-30,9146,2020-11-22,2110,017955,,7,2,9,4700,0,2,4,,1,015,"N.  OLD STAGE RD","WOODLAND PARK",600.00,S,N,A,-,N,,,,,,,,,,Y,2,0,1,1,A,-,01,23152,F,N,E,J,A,A,H,-,D,D,0,,,,,Y,,A,01,1,0,0,0,0,0,0,0,0,"- ","- ",41.321098327636719,-122.34480285644531,SISKIYOU,UNINCORPORATED,-122.34475708007812,41.321254730224609
91359688,2020,2020-12-10,9145,2020-10-18,1558,018817,,7,2,9,4700,0,1,1,,2,072,"I-5 N/B","KILLGORE HILLS RD",5808.00,S,N,A,-,Y,,,5,,,,,,N,Y,1,1,0,1,A,-,08,22107,,N,E,I,A,A,H,-,A,D,0,,,,,Y,,A,07,0,0,0,0,0,0,0,0,0,"- ","- ",41.661090850830078,-122.59108734130859,SISKIYOU,UNINCORPORATED,-122.59108734130859,41.661159515380859
91363705,2020,2020-12-10,9145,2020-12-05,2500,021333,,6,4,9,4700,0,1,3,,1,061,"STATE ROUTE 96","STATE ROUTE 263",0.00,,N,A,-,Y,,,96,,,,,,,N,2,0,1,1,A,-,03,22350,,F,H,A,A,A,H,-,D,D,0,,,,,Y,,-,99,1,0,0,0,0,0,0,0,0,"- ","- ",41.832298278808594,-122.59150695800781,SISKIYOU,UNINCORPORATED,-122.59150695800781,41.832267761230469
91366793,2020,2020-12-14,9145,2020-12-06,1040,018210,,7,1,9,4700,0,3,5,,2,004,"TENNANT RD","OLD STATE HIGHWAY",230.00,W,N,A,B,N,,,,,,,,,,Y,2,0,1,1,A,-,03,22350,,N,E,J,A,C,H,-,A,D,0,,,,,Y,,D,22,1,0,0,0,0,0,0,0,0,"- ","- ",41.638118743896484,-122.01078796386719,SISKIYOU,UNINCORPORATED,-122.01048278808594,41.638050079345703
91379685,2020,2021-01-04,9145,2020-12-26,1137,018124,,6,1,9,4700,0,1,2,,1,042,US-97,"FOREST ROAD 45N58X",3696.00,S,N,B,-,Y,,,97,,,,,,,Y,2,0,1,1,A,-,08,22107,,N,E,I,A,B,H,-,A,D,0,,,,,Y,,D,22,1,0,0,0,0,0,0,0,0,"- ","- ",41.723239898681641,-122.05545806884766,SISKIYOU,UNINCORPORATED,-122.05548095703125,41.723224639892578
91390479,2021,2021-01-22,9145,2021-01-14,2122,020700,,4,2,9,4700,0,1,1,,2,073,"I-5 NORTHBOUND","LOUIE ROAD",9504.00,S,N,A,-,Y,,,,,,,,,,Y,2,0,3,1,A,-,08,22107,,N,E,I,A,A,H,-,D,D,0,,,,,Y,,A,01,2,1,0,0,0,0,0,0,0,"- ","- ",41.828098297119141,-122.4765625,SISKIYOU,UNINCORPORATED,-122.47663116455078,41.529422760009766
91399598,2021,2021-02-01,9145,2021-01-22,2200,016857,,5,3,9,4700,0,1,3,,1,011,SR-96,"GORDONS FERRY RD",2.19,E,N,B,-,Y,,,96,,,,,,,Y,2,0,1,1,A,-,08,22107,,N,E,I,A,B,H,-,D,D,0,,,,,Y,,D,22,1,0,0,0,0,0,0,0,0,"- ","- ",41.801628112792969,-123.33437347412109,SISKIYOU,UNINCORPORATED,-123.33445739746094,41.801681518554688
91402382,2021,2021-02-04,9146,2021-01-22,0900,015873,,5,1,9,4700,0,3,5,,2,002,"SQUAW VALLEY RD.","MEMEO RD.",528.00,S,N,B,-,N,,,,,,,,,,Y,2,0,1,1,A,-,03,22350,,N,E,I,A,C,H,-,A,D,0,,,,,Y,,A,01,1,0,0,0,0,0,0,0,0,"- ","- ",41.228771209716797,-122.13527679443359,SISKIYOU,UNINCORPORATED,-122.13522338867188,41.228836059570312
91403140,2021,2021-02-05,9145,2021-01-26,1442,018151,,2,2,9,4700,0,2,4,,1,031,"EASY ST","SCHULMEYER RD",215.00,S,N,B,-,N,,,,,,,,,,Y,2,0,2,1,A,-,08,22107,,N,F,A,A,B,H,-,A,D,0,,,,,Y,,A,07,1,0,1,0,0,0,0,0,0,"- ","- ",41.675689697265625,-122.6240234375,SISKIYOU,UNINCORPORATED,-122.62429809570312,41.675788879394531
91404335,2021,2021-02-08,9145,2021-01-07,0130,021333,,4,3,2,4709,0,1,1,,2,071,"INTERSTATE 5 SOUTHBOUND","MONTAGUE ROAD",200.00,S,N,A,-,Y,,,5,,,,,,S,Y,1,1,1,2,A,-,01,23152,A,N,F,A,A,C,H,-,C,D,0,,,,Y,Y,Y,A,01,1,0,0,0,0,0,0,0,0,"- ","- ",41.738941192626953,-122.62930297851562,SISKIYOU,YREKA,-122.62905883789062,41.738723754882812
91414408,2021,2021-03-01,9145,2021-01-28,1750,018254,,4,2,9,4700,0,3,5,,2,004,"MATHEWS ROAD","BIG STUMP ROAD",19.50,N,N,A,-,N,,,,,,,,,,N,2,0,1,3,D,-,00,,,N,G,B,A,B,H,-,D,D,0,,,,,Y,,-,"- ",1,0,0,0,0,0,0,0,0,"- ","- ",41.9888916015625,-121.95747375488281,SISKIYOU,UNINCORPORATED,-121.95748901367188,41.989475250244141
91420561,2021,2021-03-04,9145,2021-01-23,2300,019614,,6,3,9,4700,0,1,3,,1,011,"SR-96 W/B","FORT GOFF CREEK",4752.00,W,N,A,-,Y,,,96,,,,,,W,Y,1,1,0,1,A,-,08,22107,,N,E,I,A,A,H,-,D,D,0,,,,,Y,Y,D,22,0,0,0,0,0,0,0,0,0,"- ","- ",41.864528656005859,-123.26734161376953,SISKIYOU,UNINCORPORATED,-123.26737213134766,41.864547729492188