CASE_ID,ACCIDENT_YEAR,PROC_DATE,JURIS,COLLISION_DATE,COLLISION_TIME,OFFICER_ID,REPORTING_DISTRICT,DAY_OF_WEEK,CHP_SHIFT,POPULATION,CNTY_CITY_LOC,SPECIAL_COND,BEAT_TYPE,CHP_BEAT_TYPE,CITY_DIVISION_LAPD,CHP_BEAT_CLASS,BEAT_NUMBER,PRIMARY_RD,SECONDARY_RD,DISTANCE,DIRECTION,INTERSECTION,WEATHER_1,WEATHER_2,STATE_HWY_IND,CALTRANS_COUNTY,CALTRANS_DISTRICT,STATE_ROUTE,ROUTE_SUFFIX,POSTMILE_PREFIX,POSTMILE,LOCATION_TYPE,RAMP_INTERSECTION,SIDE_OF_HWY,TOW_AWAY,COLLISION_SEVERITY,NUMBER_KILLED,NUMBER_INJURED,PARTY_COUNT,PRIMARY_COLL_FACTOR,PCF_CODE_OF_VIOL,PCF_VIOL_CATEGORY,PCF_VIOLATION,PCF_VIOL_SUBSECTION,HIT_AND_RUN,TYPE_OF_COLLISION,MVIW,PED_ACTION,ROAD_SURFACE,ROAD_COND_1,ROAD_COND_2,LIGHTING,CONTROL_DEVICE,CHP_ROAD_TYPE,PEDESTRIAN_ACCIDENT,BICYCLE_ACCIDENT,MOTORCYCLE_ACCIDENT,TRUCK_ACCIDENT,NOT_PRIVATE_PROPERTY,ALCOHOL_INVOLVED,STWD_VEHTYPE_AT_FAULT,CHP_VEHTYPE_AT_FAULT,COUNT_SEVERE_INJ,COUNT_VISIBLE_INJ,COUNT_COMPLAINT_PAIN,COUNT_PED_KILLED,COUNT_PED_INJURED,COUNT_BICYCLIST_KILLED,COUNT_BICYCLIST_INJURED,COUNT_MC_KILLED,COUNT_MC_INJURED,PRIMARY_RAMP,SECONDARY_RAMP,LATITUDE,LONGITUDE,COUNTY,CITY,POINT_X,POINT_Y
91422282,2021,2021-03-08,9146,2021-02-28,0650,014814,,7,1,9,4700,0,1,1,,2,010,"I-5 N/B","DEETZ RD UC",3168.00,S,N,A,-,Y,,,5,,,,,,N,Y,2,0,1,2,A,-,07,21658,A,N,B,C,A,A,H,-,A,D,0,,,,,Y,,D,22,1,0,0,0,0,0,0,0,0,"- ","- ",41.360389709472656,-122.36206817626953,SISKIYOU,UNINCORPORATED,-122.36199188232422,41.3604736328125
91432415,2021,2021-03-22,9145,2021-02-15,2500,018619,,1,4,9,4700,0,1,3,,1,060,"SR-263 S/B","PIONEER BRIDGE",376.00,S,N,F,-,Y,,,263,,,,,,S,N,1,2,0,1,A,-,08,22107,,N,F,A,A,C,H,-,D,D,0,,,,,Y,,A,07,0,0,0,0,0,0,0,0,0,"- ","- ",41.807891845703125,-122.59689331054688,SISKIYOU,UNINCORPORATED,-122.59687042236328,41.807865142822266
91433225,2021,2021-03-23,9145,2021-03-15,2018,015241,,1,2,9,4700,0,1,2,,1,041,US-97,"RICHARDSON RD",1056.00,S,N,A,-,Y,,,97,,,,,,,Y,2,0,1,1,A,-,03,22350,,N,F,A,A,C,H,-,D,D,0,,,,,Y,,D,22,1,0,0,0,0,0,0,0,0,"- ","- ",41.949119567871094,-121.92704772949219,SISKIYOU,UNINCORPORATED,-121.92705535888672,41.949123382568359
91445238,2021,2021-04-07,9145,2021-04-05,1220,016580,,1,1,9,4700,0,1,3,,1,060,"SR-263 N/B","LOAFER HILL RD",4224.00,S,N,A,-,Y,,,263,,,,,,N,Y,2,0,1,2,A,-,09,21801,A,N,D,C,A,A,H,-,A,D,0,,,,,Y,,A,01,1,0,0,0,0,0,0,0,0,"- ","- ",41.746040344238281,-122.63150024414062,SISKIYOU,UNINCORPORATED,-122.63149261474609,41.746040344238281
91445246,2021,2021-04-07,9145,2021-01-19,1440,015241,,2,2,9,4700,0,1,2,,1,043,US-97,"COUNTY ROAD A-12",5280.00,N,N,A,-,Y,,,97,,,,,,,Y,1,1,0,1,A,-,01,23152,A,N,F,A,A,A,H,-,A,D,0,,,,,Y,Y,D,22,0,0,0,0,0,0,0,0,0,"- ","- ",41.544620513916016,-122.22743988037109,SISKIYOU,UNINCORPORATED,-122.22745513916016,41.544631958007812
91450210,2021,2021-04-14,9145,2021-04-03,0300,021168,,6,3,9,4700,0,1,3,,1,011,SR-96,"CADE CREEK",2640.00,W,N,A,-,Y,,,,,,,,,,Y,2,0,1,1,A,-,08,22107,,N,E,I,A,A,H,-,D,D,0,,,,,Y,,A,07,1,0,0,0,0,0,0,0,0,"- ","- ",41.904239654541016,-123.33229064941406,SISKIYOU,UNINCORPORATED,,
91452012,2021,2021-06-02,9146,2021-04-12,1519,018675,,1,2,9,4700,0,1,3,,1,022,"SR-89 S/B","FOWLERS PUBLIC CAMP RD.",642.00,N,N,A,-,Y,,,89,,,,,,S,Y,1,1,0,1,C,-,18,,,N,H,H,A,A,H,-,A,D,0,,,,,Y,,-,"- ",0,0,0,0,0,0,0,0,0,"- ","- ",41.256618499755859,-122.03250122070312,SISKIYOU,UNINCORPORATED,-122.03250122070312,41.256626129150391
91463977,2021,2021-05-27,9145,2021-04-23,2250,018254,,5,3,9,4700,0,3,5,,2,005,"PICARD ROAD","MATHEWS ROAD",0.00,,Y,C,-,N,,,,,,,,,,Y,2,0,1,1,A,-,03,22350,,N,E,I,A,B,H,-,D,A,0,,,,,Y,,A,07,1,0,0,0,0,0,0,0,0,"- ","- ",41.966560363769531,-121.95751190185547,SISKIYOU,UNINCORPORATED,-121.95754241943359,41.966560363769531
91469029,2021,2021-05-27,9145,2021-05-05,2015,014553,,3,2,9,4700,0,1,2,,1,041,"US HWY 97","SHADY DELL RD.",3168.00,S,N,A,-,Y,,,97,,,,,,,Y,2,0,1,1,A,-,01,23152,F,N,F,A,A,A,H,-,B,D,0,,,,,Y,Y,A,07,1,0,0,0,0,0,0,0,0,"- ","- ",41.858341217041016,-121.98786926269531,SISKIYOU,UNINCORPORATED,-121.98812103271484,41.858505249023438
91472849,2021,2021-05-27,9146,2021-05-07,1755,020811,,5,2,9,4700,0,3,5,,2,001,"DAVIS PLACE ROAD","WESTON LANE",528.00,W,N,A,G,N,,,,,,,,,,N,2,0,1,2,A,-,03,22350,,N,G,B,E,A,H,-,A,D,0,Y,,,,Y,,A,07,1,0,0,0,1,0,0,0,0,"- ","- ",41.334468841552734,-122.36720275878906,SISKIYOU,UNINCORPORATED,-122.36696624755859,41.334506988525391
91482328,2021,2021-05-27,9145,2021-05-14,1730,018726,,5,2,9,4700,0,3,5,,2,005,"COPCO ROAD","CAMP CREEK ROAD",1584.00,W,N,B,C,N,,,,,,,,,,Y,2,0,1,1,A,-,01,23152,A,N,E,I,A,B,H,-,A,D,0,,,,,Y,Y,A,07,1,0,0,0,0,0,0,0,0,"- ","- ",41.975299835205078,-122.43953704833984,SISKIYOU,UNINCORPORATED,-122.44002532958984,41.97528076171875
91482827,2021,2021-05-27,9145,2021-04-30,1833,020700,,5,2,9,4700,0,1,1,,2,070,"INTERSTATE 5 NORTHBOUND","KLAMATH RIVER ROAD UNDERCROSSING",3960.00,S,N,B,-,Y,,,,,,,,,,Y,1,1,1,1,A,-,16,24002,A,N,F,A,A,A,H,-,A,B,0,,,Y,,Y,,C,02,1,0,0,0,0,0,0,1,1,"- ","- ",41.847709655761719,-122.57331085205078,SISKIYOU,UNINCORPORATED,,
91488702,2021,2021-06-03,9145,2021-05-16,2300,020819,,7,3,9,4700,0,3,5,,2,005,"AGER BESWICK RD","LITTLE BOGUS CREEK RD",8976.00,E,N,A,-,N,,,,,,,,,,Y,1,1,1,1,A,-,01,23153,A,N,E,I,A,A,H,-,D,D,0,,,,,Y,Y,A,07,1,0,0,0,0,0,0,0,0,"- ","- ",41.906330108642578,-122.38014221191406,SISKIYOU,UNINCORPORATED,-122.38266754150391,41.903709411621094
91488929,2021,2023-06-06,9145,2021-05-28,0956,018254,,5,1,9,4700,0,1,3,,1,080,SR-161,"HASKINS ROAD",5280.00,W,N,A,-,Y,,,,,,,,,,Y,2,0,2,2,A,-,06,21750,A,N,D,C,A,A,H,-,A,D,0,,,,,Y,,A,01,1,1,0,0,0,0,0,0,0,"- ","- ",,,SISKIYOU,UNINCORPORATED,-121.54966735839844,41.998577117919922
91496422,2021,2021-06-14,9145,2021-06-11,1545,018124,,5,2,9,4700,0,3,5,,2,004,"SCHOOLHOUSE ROAD","THE NORTH PROLONGATION OF FOREST SERVICE ROAD 3",63.00,N,N,B,-,N,,,,,,,,,,N,2,0,2,1,A,-,03,22350,,N,F,A,A,A,H,-,A,A,0,,,Y,,Y,,C,06,1,1,0,0,0,0,0,0,2,"- ","- ",41.905410766601562,-122.11653900146484,SISKIYOU,UNINCORPORATED,,
91502871,2021,2021-06-22,9145,2021-06-15,0630,016580,,2,1,9,4700,0,3,5,,2,002,"SAWYERS BAR RD.","COW CREEK RD",6864.00,W,N,A,-,N,,,,,,,,,,Y,2,0,2,1,A,-,01,23152,F,N,E,I,A,A,A,-,A,D,0,,,,,Y,,A,01,2,0,0,0,0,0,0,0,0,"- ","- ",41.203098297119141,-123.23799896240234,SISKIYOU,UNINCORPORATED,-123.04355621337891,41.343727111816406
91529037,2021,2021-07-26,9146,2021-07-15,1645,020514,,4,2,9,4700,0,1,3,,1,021,"STATE ROUTE 89",ROBINSON,4800.00,S,N,A,-,Y,,,89,,,,,,,Y,2,0,4,2,A,-,03,22350,,N,C,C,A,A,H,-,A,D,0,,,,,Y,,A,07,1,1,2,0,0,0,0,0,0,"- ","- ",41.278411865234375,-122.26315307617188,SISKIYOU,UNINCORPORATED,-122.26313781738281,41.278430938720703
91555346,2021,2021-08-26,9146,2021-08-15,1325,015592,,7,1,9,4700,0,1,3,,1,021,"STATE ROUTE 89","BROADWAY AVENUE",800.00,S,N,A,-,Y,,,89,,,,,,,Y,2,0,2,1,A,-,08,22107,,N,E,I,A,A,H,-,A,D,0,,,,,Y,,A,07,1,1,0,0,0,0,0,0,0,"- ","- ",41.250938415527344,-122.13330078125,SISKIYOU,UNINCORPORATED,-122.13329315185547,41.251056671142578
91560369,2021,2021-09-01,9145,2021-08-25,1625,018817,,3,2,9,4700,0,2,4,,1,037,"COUNTY ROAD A-12","NELSON ROAD",12144.00,W,N,A,F,N,,,,,,,,,,Y,2,0,3,2,A,-,05,21650,,N,A,C,A,A,H,-,A,D,0,,,,,Y,,D,22,1,1,1,0,0,0,0,0,0,"- ","- ",41.645969390869141,-122.49224853515625,SISKIYOU,UNINCORPORATED,-122.49288177490234,41.646289825439453
91575550,2021,2021-09-21,9146,2021-09-14,1220,014814,,2,1,1,4702,0,1,1,,2,012,"I-5 S/B","SISKIYOU AVE U/C",1200.00,N,N,A,-,Y,,,5,,,,,,S,Y,2,0,1,1,A,-,03,22350,,N,E,I,A,A,H,-,A,D,0,,,,,Y,,A,07,1,0,0,0,0,0,0,0,0,"- ","- ",41.237548828125,-122.26637268066406,SISKIYOU,DUNSMUIR,-122.26632690429688,41.237468719482422
91575782,2021,2021-09-21,9146,2021-09-15,1530,020514,,3,2,9,4700,0,1,3,,1,022,"STATE ROUTE 89","HARRIS SPRINGS ROAD",975.00,N,N,A,-,N,,,89,,,,,,,Y,2,0,2,1,C,-,18,,,N,H,H,A,A,H,-,A,D,0,,,Y,,Y,,-,"- ",2,0,0,0,0,0,0,0,2,"- ","- ",41.254020690917969,-121.8272705078125,SISKIYOU,UNINCORPORATED,-121.82725524902344,41.254055023193359
91584274,2021,2021-09-30,9145,2021-09-20,1444,018619,,1,2,9,4700,0,1,3,,1,061,"RT 96","KLAMATHON RD",2640.00,S,N,A,-,Y,,,96,,,,,,,Y,2,0,2,2,A,-,05,21460,A,N,A,C,A,A,H,-,A,D,0,,,,,Y,,D,22,1,1,0,0,0,0,0,0,0,"- ","- ",41.847938537597656,-122.5712890625,SISKIYOU,UNINCORPORATED,-122.57141876220703,41.84796142578125
91588406,2021,2021-10-05,9145,2021-08-23,0630,016580,,1,1,9,4700,0,1,1,,2,072,"S/B I-5","LOUIE RD.",14045.00,N,N,A,-,Y,,,5,,,,,,,Y,1,1,0,1,A,-,08,22107,,N,F,A,A,A,H,-,A,D,0,,,,,Y,,D,22,0,0,0,0,0,0,0,0,0,"- ","- ",41.589420318603516,-122.50231170654297,SISKIYOU,UNINCORPORATED,-122.50244140625,41.589405059814453
91597867,2021,2021-10-15,9145,2021-09-13,1220,016857,,1,1,9,4700,0,1,1,,2,070,"I-5 N/B","ANDERSON GRADE ROAD",1218.00,N,N,A,-,Y,,,5,,,,,,N,Y,1,1,2,2,A,-,05,21651,B,N,A,C,A,A,H,-,A,A,0,,,,Y,Y,,A,01,2,0,0,0,0,0,0,0,0,"- ","- ",41.858169555664062,-122.57074737548828,SISKIYOU,UNINCORPORATED,-122.57074737548828,41.858169555664062
91602408,2021,2021-10-21,9145,2021-10-10,1225,018604,,7,1,2,4709,0,1,1,,2,071,"I-5 N/B","MOONLIT OAKS AVE",654.00,N,N,A,-,Y,,,5,,,,,,N,Y,2,0,1,1,A,-,08,22107,,N,F,A,A,A,H,-,A,D,0,,,,,Y,,A,01,1,0,0,0,0,0,0,0,0,"- ","- ",41.705669403076172,-122.64315032958984,SISKIYOU,YREKA,-122.64286804199219,41.705642700195312
91605047,2021,2021-10-25,9145,2021-10-19,1450,018151,,2,2,9,4700,0,3,5,,2,003,"HARRY CASH RD","HART RD",13728.00,S,N,B,-,N,,,,,,,,,,Y,2,0,1,1,A,-,08,22107,,N,E,I,A,A,H,-,A,D,0,,,,,Y,,D,22,1,0,0,0,0,0,0,0,0,"- ","- ",41.634201049804688,-122.33747100830078,SISKIYOU,UNINCORPORATED,-122.33772277832031,41.634365081787109
91611889,2021,2021-11-01,9145,2021-10-18,0054,021333,,1,3,9,4700,0,2,4,,1,037,"SHASTA VISTA DRIVE","COUNTY ROAD A-12",165.00,S,N,C,-,N,,,,,,,,,,Y,2,0,3,1,A,-,03,22350,,N,E,I,A,B,H,-,D,A,0,,,,,Y,,A,07,2,1,0,0,0,0,0,0,0,"- ","- ",41.579570770263672,-122.28816986083984,SISKIYOU,UNINCORPORATED,-122.28836822509766,41.579593658447266
91618861,2021,2021-11-08,9145,2021-10-28,1220,016857,,4,1,9,4700,0,1,1,,2,070,"I-5 N/B","N. SHASTA RIVER BRIDGE 2-148",1584.00,N,N,A,-,Y,,,5,,,,,,N,Y,2,0,1,1,A,-,08,22107,,N,E,I,A,A,H,-,A,D,0,,,,,Y,,A,01,1,0,0,0,0,0,0,0,0,"- ","- ",41.777130126953125,-122.58180236816406,SISKIYOU,UNINCORPORATED,-122.58232879638672,41.777053833007812
91620377,2021,2021-11-09,9145,2021-10-29,1724,018619,,5,2,9,4700,0,1,1,,2,072,"I-5 NB N/O COUNTY ROAD A 12","COUNTY ROAD A-12",10560.00,N,N,B,-,Y,,,,,,,,,,Y,2,0,3,2,A,-,01,23152,A,N,C,C,A,A,H,-,A,D,0,,,,,Y,Y,A,07,3,0,0,0,0,0,0,0,0,"- ","- ",41.659839630126953,-122.57053375244141,SISKIYOU,UNINCORPORATED,,
91633719,2021,2021-11-23,9145,2021-10-12,1225,016857,,2,1,9,4700,0,1,1,,2,072,"I-5 S/B","JULIEN CREEK",3749.00,N,N,A,-,Y,,,5,,,,,,S,Y,1,1,0,1,A,-,08,22107,,N,F,A,A,A,H,-,A,D,0,,,,,Y,,A,07,0,0,0,0,0,0,0,0,0,"- ","- ",41.661048889160156,-122.58135223388672,SISKIYOU,UNINCORPORATED,-122.58136749267578,41.660728454589844
91634870,2021,2021-11-24,9145,2021-11-15,1745,019614,,1,2,9,4700,0,1,3,,1,011,"SR-96 E/B","LADD ROAD",1584.00,E,N,C,-,Y,,,96,,,,,,E,Y,2,0,1,1,A,-,01,23152,A,N,E,I,A,B,H,-,D,D,0,,,,,Y,Y,A,07,1,0,0,0,0,0,0,0,0,"- ","- ",41.835231781005859,-123.18379211425781,SISKIYOU,UNINCORPORATED,-123.18381500244141,41.835170745849609
91646599,2021,2021-12-08,9145,2021-11-27,2500,021333,,6,4,9,4700,0,1,3,,1,022,"STATE ROUTE 3","WILDCAT CREEK RD",1584.00,S,N,A,-,Y,,,3,,,,,,,Y,2,0,1,1,A,-,01,23152,A,N,E,I,A,A,H,-,D,D,0,,,,,Y,Y,A,07,1,0,0,0,0,0,0,0,0,"- ","- ",41.318878173828125,-122.80962371826172,SISKIYOU,UNINCORPORATED,-122.80967712402344,41.318862915039062
91650306,2021,2021-12-13,9145,2021-10-30,2500,021333,,6,4,9,4700,0,2,4,,1,023,"SCOTT RIVER ROAD","INDIAN CREEK ROAD",3696.00,E,N,E,-,N,,,,,,,,,,Y,1,1,0,1,A,-,08,22107,,N,F,A,A,B,H,-,D,D,0,,,,,Y,,D,22,0,0,0,0,0,0,0,0,0,"- ","- ",41.623031616210938,-122.86308288574219,SISKIYOU,UNINCORPORATED,-122.86199188232422,41.622249603271484
91666514,2021,2021-12-30,9145,2021-12-25,2130,021593,,6,2,9,4700,0,1,3,,1,021,SR-3,"HOWELL AVE",3696.00,N,N,D,-,Y,,,3,,,,,,,Y,2,0,1,1,A,-,08,22107,,N,E,I,A,C,H,-,D,D,0,,,,,Y,,A,07,1,0,0,0,0,0,0,0,0,"- ","- ",41.473110198974609,-122.89975738525391,SISKIYOU,UNINCORPORATED,-122.89972686767578,41.473117828369141
91666821,2021,2021-12-30,9145,2021-06-28,2136,018817,,1,2,9,4700,0,1,3,,1,081,SR-139,"OSBORNE RD",2112.00,S,N,A,F,Y,,,,,,,,,,Y,1,2,1,5,A,-,01,23152,A,N,G,2,E,A,G,-,D,D,0,Y,,,Y,Y,Y,G,25,0,1,0,0,1,0,0,0,0,"- ","- ",41.949031829833984,-122.46460723876953,SISKIYOU,UNINCORPORATED,-121.46495819091797,41.949405670166016
91668704,2021,2022-01-03,9145,2021-12-20,0000,020819,,1,3,9,4700,0,1,3,,1,060,"SR-263 S/B","DRY GULCH",2218.00,S,N,B,-,Y,,,263,,,,,,S,Y,2,0,1,1,A,-,08,22107,,N,F,0,A,A,B,-,D,D,0,,,,,Y,,D,22,1,0,0,0,0,0,0,0,0,"- ","- ",41.797199249267578,-122.60334777832031,SISKIYOU,UNINCORPORATED,-122.60335540771484,41.797206878662109
91678478,2022,2022-01-14,9146,2022-01-09,1038,015592,,7,1,9,4700,0,1,1,,2,012,"INTERSTATE 5 N/B","SISKIYOU AVENUE",730.00,S,N,A,-,Y,SIS,,5,,,3.692,H,,R,Y,2,0,4,1,C,-,18,,,N,E,I,A,C,G,-,A,D,0,,,,,Y,,-,"- ",2,0,2,0,0,0,0,0,0,"- ","- ",41.233840942382812,-122.27163696289062,SISKIYOU,UNINCORPORATED,-122.27172088623047,41.23388671875
91686844,2022,2022-01-27,9145,2022-01-18,1101,017793,,2,1,9,4700,0,1,3,,1,060,"SR-263 N/B","LOAFER HILL DRIVE",2640.00,S,N,A,-,Y,SIS,,263,,,49.736,H,,R,Y,2,0,3,3,A,-,03,22350,,N,C,C,A,A,H,-,A,A,0,,,,,Y,,A,01,2,1,0,0,0,0,0,0,0,"- ","- ",41.750499725341797,-122.62973022460938,SISKIYOU,UNINCORPORATED,-122.6297607421875,41.750507354736328
91695015,2022,2022-02-07,9145,2022-02-02,1535,018726,,3,2,9,4700,0,3,5,,2,002,"NORTH KIDDER CREEK ROAD","MEYERS ROAD",349.00,N,N,A,-,N,,,,,,,,,,Y,2,0,1,1,A,-,08,22107,,N,E,I,A,A,H,-,A,D,0,,,,,Y,,D,22,1,0,0,0,0,0,0,0,0,"- ","- ",41.545879364013672,-122.93559265136719,SISKIYOU,UNINCORPORATED,-122.93562316894531,41.545909881591797
91705674,2022,2022-02-22,9145,2022-02-07,2309,018619,,1,3,9,4700,0,1,1,,2,070,"I-5 NORTHBOUND","DITCH CREEK RD",3696.00,N,N,A,-,Y,SIS,,5,,R,63.563,H,,R,Y,1,1,0,1,A,-,08,22107,,N,E,8,A,A,H,-,D,D,0,,,,,Y,,A,01,0,0,0,0,0,0,0,0,0,"- ","- ",41.928050994873047,-122.57981109619141,SISKIYOU,UNINCORPORATED,-122.57971954345703,41.928077697753906
91710850,2022,2022-02-28,9145,2022-02-17,1329,018124,,4,1,9,4700,0,3,5,,2,004,"GRASS LAKE FIRE ROAD","DEER MOUNTAIN ROAD",315.00,N,N,A,-,N,,,,,,,,,,N,2,0,1,2,A,-,13,22515,A,N,G,B,E,A,H,-,A,D,0,Y,,,,Y,,N,60,1,0,0,0,1,0,0,0,0,"- ","- ",41.583770751953125,-122.18377685546875,SISKIYOU,UNINCORPORATED,-122.18377685546875,41.58367919921875
91712261,2022,2022-03-01,9145,2022-02-23,0030,021593,,3,3,9,4700,0,1,3,,1,020,SR-3,"PEACH ORCHARD RD",2640.00,N,N,A,-,Y,SIS,,3,,,39.074,H,,R,Y,2,0,1,1,A,-,08,22107,,N,F,A,A,A,H,-,D,D,0,,,,,Y,,A,07,1,0,0,0,0,0,0,0,0,"- ","- ",41.643840789794922,-122.74787902832031,SISKIYOU,UNINCORPORATED,-122.74793243408203,41.643852233886719
91714345,2022,2022-07-05,9145,2022-02-21,0100,019614,,1,3,9,4700,0,3,5,,2,001,"SALMON RIVER ROAD",SR-96,4752.00,E,N,A,-,N,,,,,,,,,,Y,1,1,1,1,A,-,01,23152,A,N,E,I,A,A,H,-,D,D,0,,,,,Y,Y,D,22,1,0,0,0,0,0,0,0,0,"- ","- ",41.378578186035156,-123.4759521484375,SISKIYOU,UNINCORPORATED,-123.47594451904297,41.378879547119141
91719695,2022,2022-03-10,9145,2022-03-01,1735,018619,,2,2,9,4700,0,1,1,,2,072,"I-5 S/B","LOUIE RD",12144.00,N,N,B,-,Y,SIS,,5,,R,33.501,H,,L,Y,2,0,2,1,A,-,01,23152,F,N,F,0,A,A,H,-,A,D,0,,,,,Y,,A,07,1,1,0,0,0,0,0,0,0,"- ","- ",41.583370208740234,-122.50222778320312,SISKIYOU,UNINCORPORATED,-122.50209808349609,41.583396911621094
91728763,2022,2022-03-22,9145,2022-03-11,1118,021168,,5,1,9,4700,0,1,3,,1,012,SR-96,"LOWER AIRPORT ROAD",35.00,W,N,A,-,Y,SIS,,96,,,40.243,H,,R,Y,2,0,1,1,A,-,01,23152,A,N,E,I,A,A,H,-,A,D,0,,,,,Y,Y,D,22,1,0,0,0,0,0,0,0,0,"- ","- ",41.786548614501953,-123.392822265625,SISKIYOU,UNINCORPORATED,-123.39290618896484,41.786602020263672
91749280,2022,2022-04-15,9145,2022-04-03,0240,021593,,7,3,9,4700,0,1,1,,2,073,"I-5 N/B","WEED AIRPORT RD",13200.00,N,N,A,-,Y,SIS,,5,,R,27.780,H,,L,Y,1,1,0,1,A,-,08,22107,,N,E,I,A,A,H,-,D,D,0,,,,,Y,,D,22,0,0,0,0,0,0,0,0,0,"- ","- ",41.504600524902344,-122.4713134765625,SISKIYOU,UNINCORPORATED,-122.47126770019531,41.504615783691406
91751195,2022,2022-04-19,9145,2022-04-08,2239,021199,,5,3,9,4700,0,1,3,,1,020,SR-3,"EASTMAN LANE",21648.00,S,N,A,-,Y,,,,,,,,,,Y,2,0,1,1,A,-,01,23152,A,N,F,A,A,A,H,-,D,D,0,,,,,Y,Y,-,"- ",1,0,0,0,0,0,0,0,0,"- ","- ",38.582401275634766,-121.49539947509766,SISKIYOU,UNINCORPORATED,-122.72045135498047,41.679874420166016
91763713,2022,2022-05-03,9145,2022-04-27,1820,021580,,3,2,9,4700,0,3,5,,2,006,"BEAVER CREEK RD","OLD BEAVER CREEK ROAD",7920.00,N,N,A,-,Y,,,,,,,,,,N,2,0,1,1,A,-,03,22350,,N,E,I,A,A,H,-,A,D,0,,,Y,,Y,,C,02,1,0,0,0,0,0,0,0,1,"- ","- ",41.899200439453125,-122.82795715332031,SISKIYOU,UNINCORPORATED,-122.82798767089844,41.899253845214844
91785156,2022,2022-05-31,9145,2022-05-22,1910,019614,,7,2,9,4700,0,2,4,,1,014,"INDIAN CREEK ROAD","GEORGIA FLAT ROAD",1584.00,S,N,A,-,N,,,,,,,,,,Y,2,0,1,1,A,-,08,22107,,N,E,I,A,A,H,-,A,D,0,,,,,Y,,D,22,1,0,0,0,0,0,0,0,0,"- ","- ",41.818679809570312,-123.3814697265625,SISKIYOU,UNINCORPORATED,-123.38130950927734,41.818115234375
91787345,2022,2022-06-03,9145,2022-05-21,0510,020819,,6,3,9,4700,0,1,3,,1,050,SR-3,"13TH ST",1584.00,W,N,A,-,Y,SIS,,3,,,52.866,H,,R,N,2,0,2,1,A,-,01,23152,A,N,F,A,A,A,H,-,D,D,0,,,,,Y,Y,A,07,1,1,0,0,0,0,0,0,0,"- ","- ",41.72467041015625,-122.53736877441406,SISKIYOU,UNINCORPORATED,-122.53736877441406,41.724609375
91788825,2022,2022-06-06,9145,2022-05-29,0510,021333,,7,3,9,4700,0,2,4,,1,037,"COUNTY ROAD A12","RALSTON ROAD",188.00,W,N,A,-,N,,,,,,,,,,Y,2,0,1,1,A,-,01,23152,A,N,E,I,A,A,H,-,B,D,0,,,,,Y,Y,A,01,1,0,0,0,0,0,0,0,0,"- ","- ",41.647251129150391,-122.51592254638672,SISKIYOU,UNINCORPORATED,-122.51409912109375,41.647151947021484
91823128,2022,2022-07-22,9145,2022-07-19,1230,018619,,2,1,9,4700,0,1,3,,1,013,"RT 96","FORREST RTE 17N16",11616.00,W,N,A,-,Y,,,,,,,,,,N,2,0,1,1,A,-,08,22107,,N,F,A,A,A,H,-,A,D,0,,,Y,,Y,,C,02,1,0,0,0,0,0,0,0,1,"- ","- ",41.744331359863281,-122.40323638916016,SISKIYOU,UNINCORPORATED,,
91829614,2022,2022-08-01,9145,2022-07-24,1505,018675,,7,2,9,4700,0,1,3,,1,050,"SR-3 (MONTAGUE RD)","MONTAIR DR.",326.00,E,N,A,-,Y,SIS,,3,,,51.209,H,,R,Y,2,0,1,2,A,-,01,23152,A,M,D,J,A,A,H,-,A,D,0,,,,,Y,Y,A,01,1,0,0,0,0,0,0,0,0,"- ","- ",41.729160308837891,-122.567626953125,SISKIYOU,UNINCORPORATED,-122.56760406494141,41.728992462158203
91831520,2022,2022-08-02,9146,2022-07-24,2015,017955,,7,2,9,4700,0,3,5,,2,002,"SQUAW VALLEY ROAD",SR-89,360.00,S,N,A,-,N,,,,,,,,,,Y,2,0,1,2,A,-,01,23152,A,M,F,A,A,A,H,-,A,D,0,,,Y,,Y,Y,C,02,1,0,0,0,0,0,0,0,1,"- ","- ",41.250171661376953,-122.13706970214844,SISKIYOU,UNINCORPORATED,-122.13686370849609,41.250324249267578