CASE_ID,ACCIDENT_YEAR,PROC_DATE,JURIS,COLLISION_DATE,COLLISION_TIME,OFFICER_ID,REPORTING_DISTRICT,DAY_OF_WEEK,CHP_SHIFT,POPULATION,CNTY_CITY_LOC,SPECIAL_COND,BEAT_TYPE,CHP_BEAT_TYPE,CITY_DIVISION_LAPD,CHP_BEAT_CLASS,BEAT_NUMBER,PRIMARY_RD,SECONDARY_RD,DISTANCE,DIRECTION,INTERSECTION,WEATHER_1,WEATHER_2,STATE_HWY_IND,CALTRANS_COUNTY,CALTRANS_DISTRICT,STATE_ROUTE,ROUTE_SUFFIX,POSTMILE_PREFIX,POSTMILE,LOCATION_TYPE,RAMP_INTERSECTION,SIDE_OF_HWY,TOW_AWAY,COLLISION_SEVERITY,NUMBER_KILLED,NUMBER_INJURED,PARTY_COUNT,PRIMARY_COLL_FACTOR,PCF_CODE_OF_VIOL,PCF_VIOL_CATEGORY,PCF_VIOLATION,PCF_VIOL_SUBSECTION,HIT_AND_RUN,TYPE_OF_COLLISION,MVIW,PED_ACTION,ROAD_SURFACE,ROAD_COND_1,ROAD_COND_2,LIGHTING,CONTROL_DEVICE,CHP_ROAD_TYPE,PEDESTRIAN_ACCIDENT,BICYCLE_ACCIDENT,MOTORCYCLE_ACCIDENT,TRUCK_ACCIDENT,NOT_PRIVATE_PROPERTY,ALCOHOL_INVOLVED,STWD_VEHTYPE_AT_FAULT,CHP_VEHTYPE_AT_FAULT,COUNT_SEVERE_INJ,COUNT_VISIBLE_INJ,COUNT_COMPLAINT_PAIN,COUNT_PED_KILLED,COUNT_PED_INJURED,COUNT_BICYCLIST_KILLED,COUNT_BICYCLIST_INJURED,COUNT_MC_KILLED,COUNT_MC_INJURED,PRIMARY_RAMP,SECONDARY_RAMP,LATITUDE,LONGITUDE,COUNTY,CITY,POINT_X,POINT_Y
91832919,2022,2022-08-04,9145,2022-07-27,2010,020819,,3,2,9,4700,0,3,5,,2,005,"COPCO RD","SALMON ST",50.00,E,N,A,-,N,,,,,,,,,,Y,2,0,1,1,A,-,08,22107,,N,E,I,A,A,H,-,A,D,0,,,,,Y,,D,22,1,0,0,0,0,0,0,0,0,"- ","- ",41.89739990234375,-122.52200317382812,SISKIYOU,UNINCORPORATED,-122.52205657958984,41.897445678710938
91834774,2022,2022-08-08,9145,2022-08-04,1205,018124,,4,1,9,4700,0,3,5,,2,004,"SHADY DELL RD","MACDOEL DORRIS RD",0.00,,Y,A,-,N,,,,,,,,,,Y,2,0,2,2,A,-,09,21800,B,N,D,C,A,A,H,-,A,D,0,,,,,Y,,D,22,1,1,0,0,0,0,0,0,0,"- ","- ",41.865459442138672,-121.91819763183594,SISKIYOU,UNINCORPORATED,-121.91815948486328,41.865470886230469
91838508,2022,2022-08-11,9145,2022-08-05,2100,022314,,5,2,9,4700,0,1,2,,1,041,SR-97,SR-161,800.00,S,N,B,-,Y,SIS,,97,,,53.649,H,,R,Y,2,0,2,1,C,-,18,,,N,H,7,A,A,H,-,D,D,0,,,Y,,Y,,-,"- ",1,1,0,0,0,0,0,0,2,"- ","- ",41.997928619384766,-121.89286041259766,SISKIYOU,UNINCORPORATED,-121.89289855957031,41.997940063476562
91839533,2022,2022-08-15,9146,2022-08-04,2200,019711,,4,3,9,4700,0,2,4,,2,016,"EVERITT MEMORIAL HIGHWAY","WAGON CAMP RD.",5280.00,E,N,A,-,N,,,,,,,,,,Y,2,0,1,1,A,-,08,22107,,N,E,I,A,A,H,-,C,D,0,,,,,Y,,A,07,1,0,0,0,0,0,0,0,0,"- ","- ",41.201900482177734,-122.15360260009766,SISKIYOU,UNINCORPORATED,-122.26224517822266,41.3282470703125
91841440,2022,2022-08-16,9145,2022-08-03,1403,017835,,3,2,9,4700,0,1,1,,2,072,"I-5 N/B","KILLGORE HILLS RD",10560.00,S,N,A,-,Y,SIS,,5,,R,40.458,H,,R,Y,2,0,1,1,C,-,18,,,N,E,I,A,A,H,-,A,D,0,,,,,Y,,-,"- ",1,0,0,0,0,0,0,0,0,"- ","- ",41.660301208496094,-122.57427978515625,SISKIYOU,UNINCORPORATED,-122.57427978515625,41.660305023193359
91849156,2022,2022-08-25,9146,2022-08-20,0632,016580,,6,1,9,4700,0,1,1,,2,011,"S/B I-5","MOTT RD",623.00,N,N,A,-,Y,,,,,,,,,,Y,2,0,2,1,A,-,08,22107,,N,E,I,A,A,H,-,B,D,0,,,,,Y,,D,22,2,0,0,0,0,0,0,0,0,"- ","- ",41.258049011230469,-122.27233123779297,SISKIYOU,UNINCORPORATED,-122.2720947265625,41.258312225341797
91855604,2022,2022-09-01,9145,2022-08-20,1430,018726,,6,2,9,4700,0,3,5,,2,002,"CALLAHAN-CECILVILLE ROAD","SOUTH WEED BL",528.00,W,N,A,-,N,,,,,,,,,,N,2,0,1,1,C,-,18,,,N,H,H,A,A,H,-,A,D,0,,,Y,,Y,,-,"- ",1,0,0,0,0,0,0,0,1,"- ","- ",41.295749664306641,-122.81249237060547,SISKIYOU,UNINCORPORATED,,
91860314,2022,2022-09-08,9145,2022-09-01,0822,017793,,4,1,2,4709,0,1,1,,2,071,"I-5 S/B","CENTRAL YREKA O/C",2112.00,N,N,A,-,Y,,,,,,,,,,Y,2,0,1,1,A,-,08,22107,,N,F,A,A,A,H,-,A,D,0,,,,,Y,,E,22,1,0,0,0,0,0,0,0,0,"- ","- ",41.441001892089844,-122.37509918212891,SISKIYOU,YREKA,-122.63339996337891,41.730838775634766
91865706,2022,2022-09-15,9145,2022-09-05,1500,017793,,1,2,9,4700,0,3,5,,2,002,"CALLAHAN-CECILVILLE RD","FOREST SERVICE ROAD 39N08",1584.00,W,N,A,-,N,,,,,,,,,,Y,2,0,1,1,A,-,08,22107,,N,F,A,A,A,H,-,A,D,0,,,Y,,Y,,C,02,1,0,0,0,0,0,0,0,1,"- ","- ",41.228588104248047,-122.97725677490234,SISKIYOU,UNINCORPORATED,-122.97718811035156,41.228561401367188
91868824,2022,2022-09-20,9145,2022-09-14,2005,018675,,3,2,9,4700,0,3,5,,2,003,"SHASTA VISTA DR.","CHIPMUNK RD.",200.00,W,N,A,-,N,,,,,,,,,,N,2,0,1,2,A,-,21,22106,,N,G,B,E,A,H,-,D,D,0,Y,,,Y,Y,,F,25,1,0,0,0,1,0,0,0,0,"- ","- ",41.581878662109375,-122.31395721435547,SISKIYOU,UNINCORPORATED,-122.31379699707031,41.581912994384766
91869737,2022,2022-09-21,9146,2022-06-17,2155,017958,,5,2,9,4700,0,1,1,,2,012,"INTERSTATE 5","SISKIYOU AVENUE",270.00,S,N,B,C,Y,SIS,,5,,,3.811,H,,R,Y,1,1,2,1,A,-,03,22350,,N,E,I,A,B,H,-,D,D,0,,,,,Y,,A,01,0,2,0,0,0,0,0,0,0,"- ","- ",41.235260009765625,-122.27030181884766,SISKIYOU,UNINCORPORATED,-122.27013397216797,41.235111236572266
91889315,2022,2022-10-13,9145,2022-10-05,1715,020819,,3,2,9,4700,0,3,5,,2,003,"COMSTOCK DR","E. OBERLIN RD",0.00,,Y,A,-,N,,,,,,,,,,Y,2,0,2,2,A,-,09,21802,A,N,D,C,A,A,H,-,A,A,0,,,,,Y,,A,01,1,1,0,0,0,0,0,0,0,"- ","- ",41.713771820068359,-122.62351226806641,SISKIYOU,UNINCORPORATED,-122.62346649169922,41.713794708251953
91895632,2022,2022-10-20,9145,2022-10-09,0430,015873,,7,3,9,4700,0,3,5,,2,002,"MCADAMS CREEK RD","US FOREST SERVICE RD 44N33",3168.00,E,N,A,-,N,,,,,,,,,,N,2,0,1,1,A,-,08,22107,,N,F,I,A,A,H,-,D,D,0,,,,,Y,Y,D,22,1,0,0,0,0,0,0,0,0,"- ","- ",41.715118408203125,-122.78124237060547,SISKIYOU,UNINCORPORATED,,
91898556,2022,2022-10-25,9145,2022-07-05,0145,020819,,2,3,9,4700,0,1,3,,1,060,"STATE ROUTE 263","HUDSON ROAD",6864.00,S,N,B,-,Y,SIS,,263,,,55.025,H,,R,Y,1,1,0,1,A,-,08,22107,,N,E,I,A,B,H,-,D,D,0,,,,,Y,Y,D,22,0,0,0,0,0,0,0,0,0,"- ","- ",41.808399200439453,-122.59578704833984,SISKIYOU,UNINCORPORATED,-122.59577178955078,41.808364868164062
91899078,2022,2022-10-25,9146,2022-06-30,0205,017958,,4,3,9,4700,0,1,3,,1,021,"STATE ROUTE 89","BROADWAY AVENUE",164.00,S,N,A,-,Y,,,,,,,,,,Y,1,1,1,1,A,-,01,23152,A,N,E,I,A,A,H,-,D,D,0,,,,,Y,Y,A,01,1,0,0,0,0,0,0,0,0,"- ","- ",41.156398773193359,-122.75540924072266,SISKIYOU,UNINCORPORATED,-122.13623809814453,41.25115966796875
91922584,2022,2022-11-21,9145,2022-11-04,1909,021580,,5,2,9,4700,0,1,1,,2,070,"SOUTHBOUND I-5","HILT RD",3696.00,S,N,A,-,Y,SIS,,5,,R,67.600,H,,R,Y,2,0,2,2,A,-,03,22350,,N,C,C,A,A,H,-,D,A,0,,,,Y,Y,,G,25,2,0,0,0,0,0,0,0,0,"- ","- ",41.982349395751953,-122.60690307617188,SISKIYOU,UNINCORPORATED,-122.60659027099609,41.982418060302734
91930246,2022,2022-11-30,9145,2022-11-23,1519,018675,,3,2,9,4700,0,3,5,,2,002,"SCOTT RIVER RD","QUARTZ VALLEY RD.",2640.00,N,N,A,-,N,,,,,,,,,,Y,2,0,1,1,C,-,18,,,N,H,H,A,A,H,-,A,D,0,,,Y,,Y,,-,"- ",1,0,0,0,0,0,0,0,1,"- ","- ",41.635089874267578,-122.96360778808594,SISKIYOU,UNINCORPORATED,-122.96342468261719,41.634990692138672
91938589,2022,2022-12-09,9145,2022-11-30,1038,018151,,3,1,2,4709,0,1,1,,2,071,"INTERSTATE 5 N/B","OBERLIN ROAD OVERPASS",287.00,S,N,A,-,Y,SIS,,5,,R,46.457,H,,R,Y,2,0,1,1,A,-,08,22107,,N,F,I,A,A,H,-,A,D,0,,,,,Y,,A,01,1,0,0,0,0,0,0,0,0,"- ","- ",41.715488433837891,-122.63961791992188,SISKIYOU,YREKA,-122.63968658447266,41.715507507324219
91949039,2022,2022-12-22,9146,2022-10-29,2025,021049,,6,2,9,4700,0,1,3,,1,021,"STATE ROUTE-89","BIG CANYON ROAD",2640.00,N,N,A,-,Y,,,,,,,,,,Y,1,1,0,1,A,-,01,23152,,N,E,8,A,A,H,-,C,D,0,,,Y,,Y,Y,C,02,0,0,0,0,0,0,0,1,0,"- ","- ",41.285980224609375,-122.30661010742188,SISKIYOU,UNINCORPORATED,-122.28877258300781,41.288360595703125
91954816,2021,2023-01-09,9145,2021-06-28,2130,018817,,1,2,9,4700,0,1,3,,1,090,"STATE ROUTE 139","OSBORNE ROAD",2112.00,S,N,A,-,Y,,,,,,,,,,Y,2,0,3,2,D,-,00,,,N,A,C,A,A,H,-,D,D,0,,,,,Y,,-,"- ",3,0,0,0,0,0,0,0,0,"- ","- ",41.949031829833984,-122.46460723876953,SISKIYOU,UNINCORPORATED,-121.46495819091797,41.949405670166016
91954825,2022,2022-12-28,9145,2022-10-04,1519,018675,,2,2,2,4709,0,1,1,,2,071,"INTERSTATE 5 SOUTHBOUND","YREKA CREEK",264.00,N,N,C,-,Y,SIS,,5,,R,46.864,H,,L,Y,1,1,0,1,A,-,01,23152,,N,E,8,A,A,H,-,A,D,0,,,,,Y,Y,A,01,0,0,0,0,0,0,0,0,0,"- ","- ",41.721229553222656,-122.63752746582031,SISKIYOU,YREKA,-122.637451171875,41.721210479736328
91955975,2022,2022-12-30,9145,2022-12-19,1940,018817,,1,2,9,4700,0,1,3,,1,060,SR-263,"DRY GULCH BRIDGE",62.00,N,N,A,-,Y,SIS,,263,,,54.594,H,,R,Y,2,0,1,1,A,-,08,22107,,M,E,I,A,A,H,-,D,D,0,,,,,Y,Y,D,22,1,0,0,0,0,0,0,0,0,"- ","- ",41.803020477294922,-122.59834289550781,SISKIYOU,UNINCORPORATED,-122.59837341308594,41.803024291992188
91995613,2023,2023-02-16,9145,2023-02-04,1130,019614,,6,1,9,4700,0,1,3,,1,011,SR-96,"SLUICE BOX RIVER ACCESS RD",2640.00,E,N,A,-,Y,SIS,,96," "," ",59.497,H,,R,Y,2,0,2,1,A,-,01,23152,A,N,E,I,A,A,H,-,A,D,0,,,,,Y,Y,D,22,2,0,0,0,0,0,0,0,0,"- ","- ",41.844581604003906,-123.209716796875,SISKIYOU,UNINCORPORATED,-123.20970916748047,41.844566345214844
92014231,2023,2023-03-09,9145,2023-03-06,"734 ",021256,,1,1,9,4700,0,1,1,,2,073,"INTERSTATE 5 SOUTHBOUND","EDGEWOOD RD",2323.00,S,N,D,-,Y,,,,,,,,,,Y,2,0,1,1,A,-,08,22107,,N,E,I,A,C,H,-,A,D,0,,,,,Y,,D,22,1,0,0,0,0,0,0,0,0,"- ","- ",41.261199951171875,-122.25498962402344,SISKIYOU,UNINCORPORATED,-122.38871002197266,41.421451568603516
92030583,2022,2023-03-28,9145,2022-10-30,2117,018675,,7,2,9,4700,0,1,1,,2,072,"INTERSTATE 5 SOUTHBOUND","GRENADA IRRIGATION OVER-CROSSING",3168.00,N,N,A,-,Y,,,,,,,,,,Y,1,1,2,2,A,-,01,23152,,N,A,C,A,A,H,-,D,D,0,,,,,Y,Y,A,07,1,1,0,0,0,0,0,0,0,"- ","- ",41.612899780273438,-122.51915740966797,SISKIYOU,UNINCORPORATED,,
92044571,2022,2023-04-13,9145,2022-09-16,2135,021580,,5,2,9,4700,0,2,4,,1,051,"AGER ROAD","PARADISE CRAGGY MOUNTAIN ROAD",1056.00,N,N,A,-,N,,,,,,,,,,Y,1,1,1,1,A,-,08,22107,,N,F,I,A,A,H,-,D,D,0,,,,,Y,,A,07,1,0,0,0,0,0,0,0,0,"- ","- ",41.778190612792969,-122.52255249023438,SISKIYOU,UNINCORPORATED,-122.52308654785156,41.777618408203125
92066968,2023,2023-05-11,9145,2023-02-15,"517 ",018124,,3,3,9,4700,0,1,2,,1,041,US-97,"15TH STREET",1584.00,S,N,A,-,Y,SIS,,97," "," ",50.085,H,,R,Y,1,1,2,2,A,-,01,23152,A,N,D,C,A,A,H,-,D,D,0,,,,Y,Y,Y,D,22,1,1,0,0,0,0,0,0,0,"- ","- ",41.957218170166016,-121.92159271240234,SISKIYOU,UNINCORPORATED,-121.921630859375,41.957237243652344
92100056,2022,2023-06-22,9145,2022-05-30,2500,018958,,1,4,9,4700,0,3,5,,2,001,"USFS 1050 RD.","USFS 1055 RD",21120.00,E,N,A,-,N,,,,,,,,,,Y,1,1,0,1,B,-,22,,,N,F,A,A,A,H,-,A,D,0,,,Y,,Y,,C,06,0,0,0,0,0,0,0,1,0,"- ","- ",42.000480651855469,-123.0836181640625,SISKIYOU,UNINCORPORATED,-123.07617950439453,41.998214721679688
92108004,2023,2023-07-03,9145,2023-06-24,"238 ",019614,,6,3,9,4700,0,2,4,,1,014,"INDIAN CREEK ROAD","JACOBS WAY",270.00,S,N,A,-,N,,,,,,,,,,Y,2,0,1,1,A,-,08,22107,,N,E,I,A,A,H,-,D,D,0,,,,,Y,Y,D,22,1,0,0,0,0,0,0,0,0,"- ","- ",41.801689147949219,-123.37857055664062,SISKIYOU,UNINCORPORATED,-123.37845611572266,41.801826477050781
92142930,2023,2023-08-14,9146,2023-08-04,2125,020811,,5,2,2,4708,0,1,1,,2,010,"I-5 S/B","VISTA DRIVE",1569.50,N,N,A,-,Y,SIS,,5," ",R,17.725,H,,L,Y,2,0,1,1,A,-,08,22107,,N,E,9,A,A,H,-,C,D,0,,,,,Y,,A,07,1,0,0,0,0,0,0,0,0,"- ","- ",41.399669647216797,-122.38307952880859,SISKIYOU,WEED,-122.38282012939453,41.399711608886719
92188249,2023,2023-10-02,9145,2023-09-27,1354,023406,,3,1,9,4700,0,3,5,,2,003,"DWINNELL WAY","JACKSON RANCH RD",7920.00,N,N,A,-,N,,,,,,,,,,N,2,0,1,1,A,-,03,22350,,N,F,A,A,A,H,-,A,D,0,,,,,Y,,M,96,1,0,0,0,0,0,0,0,0,"- ","- ",41.502620697021484,-122.39517974853516,SISKIYOU,UNINCORPORATED,-122.39561462402344,41.502223968505859
92223200,2023,2023-10-31,9146,2023-10-20,1610,020514,,5,2,9,4700,0,1,1,,2,010,"I-5 N/B","MPM 5SISR12.50",302.00,S,N,A,-,Y,SIS,,5," ",R,12.303,H,,R,Y,2,0,1,1,A,-,08,22107,,N,E,I,A,A,H,-,A,D,0,,,,,Y,,-,"- ",1,0,0,0,0,0,0,0,0,"- ","- ",41.334201812744141,-122.33384704589844,SISKIYOU,UNINCORPORATED,-122.33395385742188,41.334136962890625
92225342,2023,2023-11-01,9145,2023-06-03,2125,021580,,6,2,9,4700,0,1,3,,1,020,"STATE ROUTE 3","3 SIS 40.97",580.00,N,N,A,-,Y,SIS,,3," "," ",41.094,H,,R,Y,1,2,5,2,A,-,01,23152,F,N,D,C,A,A,H,-,D,A,0,,,,,Y,,D,22,4,1,0,0,0,0,0,0,0,"- ","- ",41.669719696044922,-122.7318115234375,SISKIYOU,UNINCORPORATED,-122.73175811767578,41.669700622558594
92233726,2023,2023-11-13,9145,2023-10-30,1345,023406,,1,1,9,4700,0,1,1,,2,072,"SOUTHBOUND INTERSTATE 5","LOUIE RD O/C",152.00,N,N,A,-,Y,SIS,,5," ",R,31.211,H,,L,Y,2,0,2,2,D,-,00,,,F,H,J,A,A,H,-,A,D,0,,,,,Y,,-,"- ",1,0,1,0,0,0,0,0,0,"- ","- ",41.552650451660156,-122.48577880859375,SISKIYOU,UNINCORPORATED,-122.48574829101562,41.552665710449219
92251271,2023,2023-12-04,9145,2023-10-01,1750,023434,,7,2,9,4700,0,3,5,,2,005,"OLD STATE HIGHWAY","MACDOEL DISTRICT RD",234.00,S,N,A,-,N,,,,,,,,,,Y,2,0,2,1,A,-,01,23152,A,N,F,A,A,A,H,-,A,D,0,,,,,Y,Y,A,01,2,0,0,0,0,0,0,0,0,"- ","- ",41.79241943359375,-122.004150390625,SISKIYOU,UNINCORPORATED,-122.00412750244141,41.792678833007812
92258110,2023,2023-12-11,9145,2023-11-29,2035,023406,,3,2,1,4703,0,1,3,,1,021,"STATE ROUTE 3","HOLZHAUSER RD",1056.00,S,N,B,-,Y,SIS,,3," "," ",23.462,H,,R,Y,2,0,1,1,A,-,08,22107,,N,F,0,A,A,H,-,D,D,0,,,,,Y,,A,01,1,0,0,0,0,0,0,0,0,"- ","- ",41.491031646728516,-122.90579986572266,SISKIYOU,ETNA,-122.90560913085938,41.491054534912109
92259017,2023,2023-12-11,9146,2023-12-08,"745 ",017958,,5,1,9,4700,0,1,1,,2,011,"INTERSTATE 5","AZALEA ROAD O/C",1000.00,S,N,F,-,Y,SIS,,5," ",R,8.108,H,,L,Y,2,0,1,1,A,-,08,22107,,N,E,I,A,C,H,-,A,D,0,,,,,Y,,A,08,1,0,0,0,0,0,0,0,0,"- ","- ",41.281719207763672,-122.29669189453125,SISKIYOU,UNINCORPORATED,-122.29663848876953,41.281772613525391
92265755,2023,2023-12-19,9146,2023-12-08,"840 ",017958,,5,1,9,4700,0,1,3,,1,021,"STATE ROUTE 89","BIG CANYON DRIVE",0.00,,Y,A,-,Y,SIS,,89," ",R,34.363,H,,R,Y,2,0,2,2,A,-,12,22450,A,N,D,C,A,B,H,-,A,A,0,,,,Y,Y,,A,01,1,1,0,0,0,0,0,0,0,"- ","- ",41.287330627441406,-122.29817199707031,SISKIYOU,UNINCORPORATED,-122.29818725585938,41.287349700927734
92298507,2024,2024-01-29,9145,2024-01-19,"200 ",020700,,5,3,9,4700,0,1,3,,1,020,SR-3,"MOFFETT CREEK RD",4752.00,N,N,B,-,Y,SIS,,3," "," ",39.440,H,,R,N,2,0,1,1,A,-,01,23152,A,N,F,A,A,A,H,-,D,D,0,,,,,Y,Y,D,22,1,0,0,0,0,0,0,0,0,"- ","- ",41.648338317871094,-122.744140625,SISKIYOU,UNINCORPORATED,-122.74419403076172,41.648365020751953
92323151,2023,2024-02-26,9146,2023-10-12,1628,020811,,4,2,2,4706,0,1,1,,2,011,"INTERSTATE-5 NORTHBOUND","NORTH MOUNT SHASTA BOULEVARD",908.00,S,N,A,-,Y,SIS,,5," ",R,11.928,H,,R,Y,1,2,1,2,A,-,08,22107,,N,E,8,A,A,D,-,A,D,0,,,,,Y,,A,07,1,0,0,0,0,0,0,0,0,"- ","- ",41.329330444335938,-122.33068084716797,SISKIYOU,"MOUNT SHASTA",-122.33058929443359,41.329357147216797
92341896,2023,2024-03-19,9145,2023-07-18,2500,020819,,2,4,9,4700,0,3,5,,2,002,"SAWYERS BAR RD","MPM 34.00",1200.00,W,N,A,-,N,,,,,,,,,,Y,1,1,0,1,A,-,08,22107,,N,F,A,A,A,H,-,A,D,0,,,,,Y,,A,07,0,0,0,0,0,0,0,0,0,"- ","- ",41.427139282226562,-122.96041870117188,SISKIYOU,UNINCORPORATED,,
92345626,2024,2024-03-25,9145,2024-03-14,2500,023428,,4,4,9,4700,0,1,3,,1,061,SR-96,"BEAVER CREEK RD",0.00,,Y,A,-,N,,,,,,,,,,Y,2,0,1,1,A,-,01,23152,A,N,E,I,A,A,H,-,A,A,0,,,,,Y,Y,A,01,1,0,0,0,0,0,0,0,0,"- ","- ",41.870040893554688,-122.81759643554688,SISKIYOU,UNINCORPORATED,-122.81767272949219,41.870071411132812
92358138,2023,2024-04-08,9145,2023-10-16,1618,023434,,1,2,9,4700,0,1,3,,1,080,SR-161,"MERRILL PIT RD",124.00,W,N,B,-,Y,SIS,,161," "," ",13.739,H,,R,Y,1,2,1,2,A,-,01,23152,F,N,A,C,A,A,H,-,A,D,0,,,,Y,Y,,-,"- ",0,1,0,0,0,0,0,0,0,"- ","- ",41.9993896484375,-121.62869262695312,SISKIYOU,UNINCORPORATED,-121.62868499755859,41.999427795410156
92358684,2024,2024-04-08,9145,2024-03-31,1715,023406,,7,2,9,4700,0,3,5,,2,003,"SLOUGH RD","LOUIE RD",16368.00,S,N,A,-,N,,,,,,,,,,Y,2,0,3,1,A,-,01,23152,A,N,E,J,A,A,G,-,A,D,0,,,,,Y,Y,D,22,1,2,0,0,0,0,0,0,0,"- ","- ",41.511600494384766,-122.46739959716797,SISKIYOU,UNINCORPORATED,-122.47058868408203,41.513343811035156
92363832,2024,2024-04-15,9145,2024-03-03,1850,015241,,7,2,9,4700,0,1,2,,1,043,US-97,"JEROME RD",77.00,N,N,D,-,Y,SIS,,97," "," ",34.389,H,,R,Y,1,1,4,1,A,-,03,22350,,N,F,A,A,C,H,-,D,D,0,,,,,Y,,A,07,3,1,0,0,0,0,0,0,0,"- ","- ",41.757251739501953,-122.06549835205078,SISKIYOU,UNINCORPORATED,-122.06551361083984,41.757255554199219
92375069,2023,2024-04-25,9145,2023-07-24,2230,019614,,1,3,9,4700,0,1,3,,1,012,SR-96,"HILLSIDE RD",150.00,E,N,A,-,Y,SIS,,96," "," ",41.401,H,,R,N,1,1,0,2,A,-,01,23152,A,F,G,B,E,A,H,-,C,A,0,Y,,,,Y,Y,D,22,0,0,0,1,0,0,0,0,0,"- ","- ",41.794940948486328,-123.37570190429688,SISKIYOU,UNINCORPORATED,-123.37570190429688,41.794940948486328
92376572,2024,2024-04-29,9145,2024-04-19,1740,018124,,5,2,9,4700,0,3,5,,2,004,"TENNANT RD","USFS 77",1056.00,E,N,B,-,N,,,,,,,,,,Y,2,0,1,1,A,-,01,23152,A,N,E,I,A,A,H,-,A,D,0,,,,,Y,Y,A,07,1,0,0,0,0,0,0,0,0,"- ","- ",41.576801300048828,-121.91641998291016,SISKIYOU,UNINCORPORATED,,
92399324,2024,2024-05-27,9145,2024-05-08,2245,018210,,3,3,9,4700,0,1,2,,1,041,"UNITED STATES HIGHWAY 97","MEISS LAKE SAMS NECK",7392.00,N,N,A,-,Y,SIS,,97," "," ",46.684,H,,R,Y,2,0,2,2,A,-,01,23152,A,F,A,C,A,A,H,-,D,D,0,,,,Y,Y,Y,D,22,1,0,1,0,0,0,0,0,0,"- ","- ",41.913230895996094,-121.95136260986328,SISKIYOU,UNINCORPORATED,-121.95133209228516,41.913219451904297
92406658,2024,2024-06-05,9145,2024-06-01,"0   ",019614,,6,3,9,4700,0,1,3,,1,010,SR-96,"SCOTT RIVER ROAD",14784.00,E,N,A,-,Y,SIS,,96," "," ",74.293,H,,R,Y,2,0,1,2,C,-,18,,,N,F,A,A,A,H,-,D,D,0,,,Y,,Y,,-,"- ",1,0,0,0,0,0,0,0,1,"- ","- ",41.811038970947266,-123.01260375976562,SISKIYOU,UNINCORPORATED,-123.01258087158203,41.811027526855469
92427255,2024,2024-07-01,9145,2024-06-25,1100,018958,,2,1,9,4700,0,1,3,,1,011,SR-96,"GRIDER CREEK RD.",1056.00,W,N,A,-,Y,SIS,,96," "," ",61.461,H,,R,N,2,0,1,2,A,-,00,21760,B,F,B,G,A,A,H,-,A,D,0,,Y,,,Y,,D,22,1,0,0,0,0,0,1,0,0,"- ","- ",41.835128784179688,-123.17643737792969,SISKIYOU,UNINCORPORATED,-123.17641448974609,41.835079193115234
92441887,2024,2024-07-17,9146,2024-07-08,1550,019430,,1,2,2,4708,0,1,1,,2,010,"I-5 N/B","S. WEED BLVD.",227.00,S,N,A,-,Y,SIS,,5," ",R,19.026,H,,R,Y,2,0,2,1,A,-,08,22107,,N,E,8,A,A,H,-,A,D,0,,,,,Y,,-,"- ",1,1,0,0,0,0,0,0,0,"- ","- ",41.417839050292969,-122.38304138183594,SISKIYOU,WEED,-122.38311004638672,41.417819976806641
92442461,2024,2024-07-18,9146,2024-05-08,1345,018398,,3,1,9,4700,0,1,2,,1,020,"UNITED STATES ROUTE 97","SOLUS DRIVE",855.00,N,N,A,-,Y,SIS,,97," "," ",4.144,H,,R,Y,1,1,0,2,A,-,05,21460,,N,A,C,A,A,H,-,A,D,0,,,,Y,Y,,E,22,0,0,0,0,0,0,0,0,0,"- ","- ",41.468650817871094,-122.35311126708984,SISKIYOU,UNINCORPORATED,-122.35313415527344,41.468654632568359
9247169,2021,2021-04-21,4708,2021-03-03,1641,284,8,3,5,2,4708,0,0,0,,0,001,"SOUTH WEED BL","MT VIEW DR",2291.00,N,N,A,-,N,,,,,,,,,,Y,2,0,1,1,A,-,03,22350,,N,A,I,A,A,H,-,A,B,0,,,Y,,Y,Y,C,02,1,0,0,0,0,0,0,0,1,"- ","- ",,,SISKIYOU,WEED,,