CASE_ID,ACCIDENT_YEAR,PROC_DATE,JURIS,COLLISION_DATE,COLLISION_TIME,OFFICER_ID,REPORTING_DISTRICT,DAY_OF_WEEK,CHP_SHIFT,POPULATION,CNTY_CITY_LOC,SPECIAL_COND,BEAT_TYPE,CHP_BEAT_TYPE,CITY_DIVISION_LAPD,CHP_BEAT_CLASS,BEAT_NUMBER,PRIMARY_RD,SECONDARY_RD,DISTANCE,DIRECTION,INTERSECTION,WEATHER_1,WEATHER_2,STATE_HWY_IND,CALTRANS_COUNTY,CALTRANS_DISTRICT,STATE_ROUTE,ROUTE_SUFFIX,POSTMILE_PREFIX,POSTMILE,LOCATION_TYPE,RAMP_INTERSECTION,SIDE_OF_HWY,TOW_AWAY,COLLISION_SEVERITY,NUMBER_KILLED,NUMBER_INJURED,PARTY_COUNT,PRIMARY_COLL_FACTOR,PCF_CODE_OF_VIOL,PCF_VIOL_CATEGORY,PCF_VIOLATION,PCF_VIOL_SUBSECTION,HIT_AND_RUN,TYPE_OF_COLLISION,MVIW,PED_ACTION,ROAD_SURFACE,ROAD_COND_1,ROAD_COND_2,LIGHTING,CONTROL_DEVICE,CHP_ROAD_TYPE,PEDESTRIAN_ACCIDENT,BICYCLE_ACCIDENT,MOTORCYCLE_ACCIDENT,TRUCK_ACCIDENT,NOT_PRIVATE_PROPERTY,ALCOHOL_INVOLVED,STWD_VEHTYPE_AT_FAULT,CHP_VEHTYPE_AT_FAULT,COUNT_SEVERE_INJ,COUNT_VISIBLE_INJ,COUNT_COMPLAINT_PAIN,COUNT_PED_KILLED,COUNT_PED_INJURED,COUNT_BICYCLIST_KILLED,COUNT_BICYCLIST_INJURED,COUNT_MC_KILLED,COUNT_MC_INJURED,PRIMARY_RAMP,SECONDARY_RAMP,LATITUDE,LONGITUDE,COUNTY,CITY,POINT_X,POINT_Y
9272294,2021,2021-06-15,4706,2021-05-16,1900,1104,,7,5,2,4706,0,0,0,,0,,"MCCLOUD AV","N B ST",0.00,,Y,A,-,N,,,,,,,,,,Y,2,0,1,2,A,-,03,22350,,F,B,B,A,A,H,-,A,A,0,,,,,Y,,A,07,1,0,0,0,0,0,0,0,0,"- ","- ",,,SISKIYOU,"MOUNT SHASTA",-122.30841827392578,41.312259674072266
9367069,2021,2021-11-19,4708,2021-07-15,0634,447,5,4,5,2,4708,0,0,0,,0,001,"N WEED BL","EDGEWOOD RD",60.00,S,N,A,-,Y,SIS,2,5,-,R,20.101,R,4,N,Y,2,0,1,1,A,-,08,22107,,N,E,I,A,A,H,-,A,A,0,,,,,Y,,E,22,1,0,0,0,0,0,0,0,0,"- ","- ",,,SISKIYOU,WEED,-122.39917755126953,41.426509857177734
94356377,2024,2024-08-16,9146,2024-08-03,2330,021333,,6,3,9,4700,0,1,1,,2,011,"INTERSTATE 5","LASSEN LANE",540.00,N,N,A,-,Y,SIS,,5," ",R,11.366,H,,R,Y,2,0,1,1,A,-,01,23152,A,N,E,I,A,A,H,-,C,D,0,,,,,Y,Y,A,01,1,0,0,0,0,0,0,0,0,"- ","- ",41.321941375732422,-122.32639312744141,SISKIYOU,UNINCORPORATED,-122.32647705078125,41.321910858154297
94361795,2024,2024-08-20,9145,2024-07-24,1445,018210,,3,2,9,4700,0,3,5,,2,004,"MATHEWS ROAD","DURHAM DRIVE",265.00,S,N,A,-,N,,,,,,,,,,N,1,1,0,1,A,-,01,23152,,N,E,I,A,A,H,-,A,D,0,,,,,Y,,A,01,0,0,0,0,0,0,0,0,0,"- ","- ",41.975429534912109,-121.95760345458984,SISKIYOU,UNINCORPORATED,-121.95747375488281,41.975452423095703
94414585,2024,2024-10-01,9145,2024-09-23,1410,023428,,1,2,9,4700,0,1,3,,1,021,"QUARTZ VALLEY ROAD","MILL CREEK ROAD",145.00,E,N,A,-,N,,,,,,,,,,N,2,0,1,1,A,-,08,22107,,N,E,8,A,A,H,-,A,D,0,,,,,Y,,D,22,1,0,0,0,0,0,0,0,0,"- ","- ",41.572940826416016,-122.95207214355469,SISKIYOU,UNINCORPORATED,-122.95236206054688,41.573070526123047
94418376,2024,2024-10-03,9145,2024-09-23,1930,023428,,1,2,2,4709,0,1,1,,2,071,I-5,"CENTRAL YREKA",4013.00,S,N,A,-,Y,SIS,,5," ",R,47.148,H,,R,Y,2,0,2,1,A,-,00,23153,F,N,E,I,A,A,H,-,C,D,0,,,,,Y,,A,08,2,0,0,0,0,0,0,0,0,"- ","- ",41.725009918212891,-122.635498046875,SISKIYOU,YREKA,-122.635498046875,41.725009918212891
94458215,2024,2024-11-05,9145,2024-08-16,1647,023428,,5,2,9,4700,0,1,3,,1,021,"STATE ROUTE 3","NAOMI DRIVE",340.00,N,N,A,-,Y,SIS,,3," "," ",25.644,H,,R,Y,1,1,0,1,A,-,08,22107,,N,E,8,A,A,H,-,A,D,0,,,,,Y,,-,"- ",0,0,0,0,0,0,0,0,0,"- ","- ",41.521648406982422,-122.90667724609375,SISKIYOU,UNINCORPORATED,-122.90677642822266,41.521648406982422
94470854,2024,2024-11-15,9145,2024-11-05,2220,023428,,2,3,9,4700,0,2,4,,1,034,"BIG SPRINGS RD",US-97,2006.00,W,N,A,-,N,,,,,,,,,,Y,2,0,6,1,A,-,08,22107,,N,E,8,A,A,H,-,C,D,0,,,,,Y,,A,07,1,4,1,0,0,0,0,0,0,"- ","- ",41.476509094238281,-122.3572998046875,SISKIYOU,UNINCORPORATED,-122.35693359375,41.476387023925781
94471742,2024,2024-11-15,9146,2024-11-13,1350,020514,,3,1,9,4700,0,1,3,,1,021,SR-89,"SKI PARK HIGHWAY",5174.00,N,N,D,-,Y,SIS,,89," "," ",30.368,H,,R,Y,2,0,2,2,A,-,03,22350,,N,D,C,A,C,H,-,A,A,0,,,,Y,Y,,G,25,1,1,0,0,0,0,0,0,0,"- ","- ",41.265251159667969,-122.23316955566406,SISKIYOU,UNINCORPORATED,-122.23317718505859,41.265235900878906
94480418,2024,2024-11-22,9146,2024-08-21,"30  ",021333,,3,3,9,4700,0,1,3,,1,022,"STATE ROUTE 89","FOREST ROUTE 39N32",1974.00,N,N,A,-,Y,SIS,,89," "," ",0.991,H,,R,Y,1,1,1,1,A,-,08,22107,,N,E,8,A,A,H,-,D,D,0,,,,Y,Y,,G,25,0,1,0,0,0,0,0,0,0,"- ","- ",41.190151214599609,-121.73370361328125,SISKIYOU,UNINCORPORATED,-121.73374176025391,41.190090179443359
94483110,2024,2024-11-25,9145,2024-09-30,2500,019614,,1,4,9,4700,0,1,3,,1,011,SR-96,"SLUICE BOX RIVER ACCESS RD",1848.00,W,N,A,-,Y,SIS,,96," "," ",58.618,H,,R,Y,1,1,0,1,A,-,08,22107,,N,E,8,A,A,H,-,A,D,0,,,,,Y,,A,01,0,0,0,0,0,0,0,0,0,"- ","- ",41.846111297607422,-123.22431182861328,SISKIYOU,UNINCORPORATED,-123.22430419921875,41.846115112304688
94494798,2024,2024-12-06,9145,2024-11-30,"940 ",022870,,6,1,9,4700,0,2,4,,1,034,"BIG SPRINGS RD","JACKSON RANCH RD",1900.00,N,N,B,E,N,,,,,,,,,,Y,2,0,2,2,A,-,03,22350,,N,A,C,A,C,H,-,A,D,0,,,,,Y,,D,22,2,0,0,0,0,0,0,0,0,"- ","- ",41.499210357666016,-122.36300659179688,SISKIYOU,UNINCORPORATED,-122.36302185058594,41.499195098876953
94499838,2024,2024-12-13,9146,2024-12-02,1703,021199,,1,2,9,4700,0,1,1,,2,012,"INTERSTATE 5","SISKIYOU AVE OVERCROSSING",1935.00,N,N,A,-,Y,SIS,,5," "," ",4.208,H,,R,Y,2,0,1,1,A,-,08,22107,,N,E,I,A,A,H,-,B,D,0,,,,,Y,,-,"- ",1,0,0,0,0,0,0,0,0,"- ","- ",41.238739013671875,-122.26419830322266,SISKIYOU,UNINCORPORATED,-122.26409912109375,41.238658905029297
94508416,2024,2024-12-18,9146,2024-07-02,1135,019430,,2,1,2,4706,0,1,1,,2,011,"INTERSTATE 5 SOUTHBOUND","REAM AVENUE",1280.00,N,N,A,-,Y,SIS,,5," ",R,9.842,H,,L,N,1,1,1,4,A,-,03,22350,,N,C,2,A,A,D,-,A,D,0,,,Y,,Y,,C,02,1,0,0,0,0,0,0,1,1,"- ","- ",41.301479339599609,-122.31562042236328,SISKIYOU,"MOUNT SHASTA",-122.31560516357422,41.301483154296875
94522106,2024,2024-12-31,9146,2024-12-23,1710,024220,,1,2,2,4706,0,1,1,,2,011,"INTERSTATE 5","NORTH MOUNT SHASTA BLVD O/C",528.00,S,N,C,-,Y,SIS,,5," ",R,11.935,H,,R,Y,2,0,1,1,A,-,03,22350,,N,F,8,A,B,H,-,D,D,0,,,,,Y,,A,01,1,0,0,0,0,0,0,0,0,"- ","- ",41.329360961914062,-122.33094787597656,SISKIYOU,"MOUNT SHASTA",-122.33065032958984,41.329456329345703
94608031,2025,2025-03-18,9146,2025-03-11,"630 ",020514,,2,1,9,4700,0,1,1,,2,012,"I-5 N/B","DUNSMUIR AVENUE",1478.00,N,N,A,-,Y,SIS,,5," "," ",0.965,H,,R,Y,2,0,1,1,A,-,08,22107,,N,E,I,A,A,H,-,B,D,0,,,,,Y,,A,01,1,0,0,0,0,0,0,0,0,"- ","- ",41.196750640869141,-122.28211212158203,SISKIYOU,UNINCORPORATED,-122.28218078613281,41.196796417236328
94608619,2025,2025-03-18,9145,2025-03-07,1915,022654,,5,2,9,4700,0,2,4,,1,051,"AGER BESWICK RD","AGER RD",1200.00,E,N,A,-,N,,,,,,,,,,Y,2,0,2,1,A,-,08,22107,,N,E,J,A,A,H,-,D,D,0,,,,,Y,Y,A,07,2,0,0,0,0,0,0,0,0,"- ","- ",41.865959167480469,-122.46006774902344,SISKIYOU,UNINCORPORATED,-122.46022033691406,41.865978240966797
94625567,2025,2025-03-25,9145,2025-03-19,"625 ",018726,,3,1,9,4700,0,1,1,,2,070,"INTERSTATE 5 N/B","LEMOS ROAD",1056.00,N,N,A,-,Y,SIS,,5," ",R,65.769,H,,R,Y,2,0,1,1,A,-,08,22107,,N,E,8,A,A,H,-,D,D,0,,,,,Y,,A,01,1,0,0,0,0,0,0,0,0,"- ","- ",41.957939147949219,-122.59436798095703,SISKIYOU,UNINCORPORATED,-122.59423828125,41.957981109619141
94626294,2025,2025-03-25,9145,2025-03-18,1824,019614,,2,2,9,4700,0,3,5,,2,001,"DAVID LANE","LADD RD",260.00,N,N,A,-,N,,,,,,,,,,N,2,0,1,1,A,-,03,22350,,N,E,I,A,A,H,-,A,D,0,,,,,Y,,D,22,1,0,0,0,0,0,0,0,0,"- ","- ",41.838878631591797,-123.18565368652344,SISKIYOU,UNINCORPORATED,-123.18566131591797,41.838848114013672
94677306,2025,2025-05-06,9145,2025-03-24,1157,022870,,1,1,9,4700,0,1,1,,2,070,"I-5 N/B","ANDERSON GRADE SUMMIT",5280.00,N,N,A,-,Y,SIS,,5," ",R,54.697,H,,R,Y,1,1,1,1,A,-,08,22107,,N,F,A,A,A,H,-,A,D,0,,,,,Y,,D,22,0,0,1,0,0,0,0,0,0,"- ","- ",41.811008453369141,-122.57195281982422,SISKIYOU,UNINCORPORATED,-122.57205200195312,41.811008453369141
94680053,2025,2025-05-08,9145,2025-04-27,"930 ",018604,,7,1,9,4700,0,3,5,,2,002,"MCADAMS CREEK RD","SCHOOLHOUSE GAP RD",5280.00,N,N,A,-,N,,,,,,,,,,Y,2,0,2,1,A,-,03,22350,,F,E,I,A,A,H,-,A,D,0,,,,,Y,Y,D,22,2,0,0,0,0,0,0,0,0,"- ","- ",41.687061309814453,-122.8199462890625,SISKIYOU,UNINCORPORATED,,
94697169,2025,2025-05-22,9145,2025-05-16,1945,023203,,5,2,9,4700,0,3,5,,2,002,"SCOTT RIVER RD","BRIDGE ST",6864.00,W,N,A,-,N,,,,,,,,,,Y,2,0,1,1,A,-,01,23152,A,N,E,8,A,A,H,-,A,D,0,,,,,Y,Y,D,22,1,0,0,0,0,0,0,0,0,"- ","- ",41.621929168701172,-122.86167907714844,SISKIYOU,UNINCORPORATED,-122.86155700683594,41.621692657470703
94711156,2025,2025-06-03,9145,2025-05-28,1210,022870,,3,1,9,4700,0,1,1,,2,072,"I-5 N/B","GRENADA OVERHEAD",468.00,S,N,A,-,Y,SIS,,5," ",R,36.597,H,,R,Y,2,0,1,2,A,-,03,22350,,N,C,2,A,A,H,-,A,D,0,,,,Y,Y,,F,55,1,0,0,0,0,0,0,0,0,"- ","- ",41.625881195068359,-122.52007293701172,SISKIYOU,UNINCORPORATED,-122.52008819580078,41.625869750976562
94724033,2025,2025-06-12,9145,2025-05-23,1250,020898,,5,1,9,4700,0,2,4,,1,037,"COUNTY RD A-12","SHASTA VISTA DR",4224.00,E,N,A,-,N,,,,,,,,,,N,1,1,3,2,A,-,05,21650,,N,A,C,A,A,H,-,A,D,0,,,,,Y,,A,01,0,3,0,0,0,0,0,0,0,"- ","- ",41.572589874267578,-122.27561187744141,SISKIYOU,UNINCORPORATED,-122.27562713623047,41.572555541992188
94727279,2025,2025-06-16,9146,2025-02-05,"40  ",021333,,3,3,9,4700,0,1,1,,2,012,"INTERSTATE 5 SOUTHBOUND","MOTT ROAD",4224.00,S,N,A,-,Y,SIS,,5," "," ",5.063,H,,L,Y,1,1,1,1,A,-,03,22350,,N,E,8,A,C,H,-,D,D,0,,,,Y,Y,,G,25,1,0,0,0,0,0,0,0,0,"- ","- ",41.249668121337891,-122.25892639160156,SISKIYOU,UNINCORPORATED,-122.25881195068359,41.249713897705078
94739007,2025,2025-06-25,9146,2025-06-19,"18  ",019167,,4,3,9,4700,0,2,4,,1,015,"N. OLD STAGE ROAD","LIVE OAK LN",620.00,N,N,A,-,N,,,,,,,,,,Y,2,0,1,1,A,-,01,23152,A,N,E,I,A,A,H,-,D,D,0,,,,,Y,Y,A,01,1,0,0,0,0,0,0,0,0,"- ","- ",41.347160339355469,-122.36398315429688,SISKIYOU,UNINCORPORATED,-122.36383056640625,41.347049713134766
9492437,2022,2022-10-12,4706,2022-08-27,0048,1106,YREKA,6,5,2,4706,0,0,0,,0,CITY,"LAKE ST","MOUNT SHASTA BL",0.00,,Y,A,-,N,,,,,,,,,,N,2,0,1,2,A,-,12,21453,A,F,D,G,A,A,H,-,C,A,0,,,,,Y,Y,-,"- ",1,0,0,0,0,0,0,0,0,"- ","- ",,,SISKIYOU,"MOUNT SHASTA",-122.31233978271484,41.313240051269531
9494190,2022,2022-11-04,4708,2022-08-05,1405,250,6,5,5,2,4708,0,0,0,,0,001,"RT 265","RT 265 200",0.00,,Y,A,-,Y,SIS,2,265,-,-,20.010,H,-,S,N,2,0,1,1,A,-,08,22107,,N,A,I,A,A,H,-,A,D,0,,,,,Y,,A,01,1,0,0,0,0,0,0,0,0,"- ","- ",,,SISKIYOU,WEED,-122.391357421875,41.423374176025391
9640312,2023,2025-06-25,4708,2023-11-18,"212 ",385,8,6,5,2,4708,0,0,0,,0,001,"SOUTH WEED BL","UTILITY POLO #15197",391.00,N,N,C,-,N,,,,,,,,,,Y,1,1,1,2,A,-,03,22349,B,N,E,I,A,B,H,-,C,D,0,,,,,Y,Y,A,01,1,0,0,0,0,0,0,0,0,"- ","- ",,,SISKIYOU,WEED,,
9701343,2024,2024-09-09,4700,2024-01-03,2350,3369,7,3,5,1,4702,0,0,0,,0,DUNSMU,"CASTLE AV","CASTLE AV 5809",0.00,,-,A,-,N,,,,,,,,,,Y,2,0,3,3,D,-,00,,,F,E,I,A,B,H,-,D,D,0,,,,,Y,Y,-,"- ",1,2,0,0,0,0,0,0,0,"- ","- ",,,SISKIYOU,DUNSMUIR,-122.3135986328125,41.314174652099609
6290652,2014,2015-12-29,9145,2014-04-06,2500,13400,,7,4,9,4700,0,1,3,,1,060,"RT 263","HUDSON RD",3696.00,S,N,A,-,Y,SIS,2,263,-,-,55.590,H,-,S,Y,1,1,0,1,A,-,08,22107,,N,F,A,A,A,H,-,A,D,0,,,,,Y,Y,A,07,0,0,0,0,0,0,0,0,0,"- ","- ",,,SISKIYOU,UNINCORPORATED,-122.59382494,41.813752469999997
6344263,2014,2015-11-20,9145,2014-06-22,2305,19614,,7,3,9,4700,0,1,3,,1,012,"RT 96","COON CREEK RIVER ACCESS",2112.00,E,N,A,-,Y,SIS,2,96,-,-,24.180,H,-,W,Y,2,0,1,1,A,-,01,23152,A,N,E,I,A,A,H,-,D,D,0,,,,,Y,Y,D,22,1,0,0,0,0,0,0,0,0,"- ","- ",,,SISKIYOU,UNINCORPORATED,-123.4901723,41.617428590000003
6508949,2014,2014-07-31,9145,2014-05-16,1100,16006,,5,1,9,4700,0,2,4,,1,031,"OLD HWY 99","KILLGORE HILLS RD",0.00,,Y,A,-,N,,,,,,,,,,N,2,0,1,1,C,-,18,,,N,H,A,A,A,H,-,A,D,0,,,,,Y,,-,"- ",1,0,0,0,0,0,0,0,0,"- ","- ",,,SISKIYOU,UNINCORPORATED,-122.61206746000001,41.670665210000003
6518550,2014,2014-08-07,9145,2014-05-31,1805,018485,,6,2,9,4700,0,3,5,,2,005,"YORK RD","WILLOW CREEK RD",8448.00,E,N,A,-,N,,,,,,,,,,Y,2,0,1,1,A,-,08,22107,,N,E,I,A,A,H,-,A,D,0,,,,,Y,,A,08,1,0,0,0,0,0,0,0,0,"- ","- ",,,SISKIYOU,UNINCORPORATED,-122.34259409000001,41.824107339999998
6544007,2014,2014-08-08,9145,2014-06-14,1615,018755,,6,2,9,4700,0,2,4,,1,023,"SCOTT RIVER RD","RT 3",8712.00,W,N,A,-,N,,,,,,,,,,Y,2,0,1,1,A,-,08,22107,,N,F,A,A,A,H,-,A,D,0,,,,,Y,,D,22,1,0,0,0,0,0,0,0,0,"- ","- ",,,SISKIYOU,UNINCORPORATED,-122.86162747,41.621805950000002
6763526,2014,2016-06-14,9145,2014-12-22,1410,016707,,1,2,9,4700,0,1,3,,1,021,"RT 3","SCOTT VALLEY RD",289.00,S,N,B,-,Y,SIS,2,3,-,-,25.750,H,-,S,N,2,0,1,2,A,-,08,22107,,N,B,G,A,A,H,-,A,D,0,,Y,,,Y,,D,22,1,0,0,0,0,0,1,0,0,"- ","- ",,,SISKIYOU,UNINCORPORATED,-122.90679613,41.524165429999996
6887598,2015,2015-05-15,9145,2015-04-11,2044,18485,,6,2,2,4709,0,3,5,,2,002,"QUARTZ VALLEY RD","SCOTT RIVER RD",626.00,E,N,A,-,N,,,,,,,,,,Y,1,1,0,1,A,-,08,22107,,N,F,A,A,A,H,-,D,D,0,,,,,Y,Y,A,07,0,0,0,0,0,0,0,0,0,"- ","- ",,,SISKIYOU,YREKA,-122.95534000000001,41.632249999999999
6913860,2015,2016-11-04,9145,2015-04-25,1545,013713,,6,2,9,4700,0,1,3,,1,011,"RT 96","GORDONS FERRY RD",2112.00,E,N,B,-,Y,SIS,2,96,-,-,44.570,H,-,E,Y,2,0,1,2,A,-,09,21801,A,N,D,C,A,A,H,-,A,D,0,,,,,Y,,A,01,1,0,0,0,0,0,0,0,0,"- ","- ",,,SISKIYOU,UNINCORPORATED,-123.34174211,41.79451143
6936615,2015,2015-06-29,9145,2015-05-21,1100,16080,,4,1,9,4700,0,3,5,,2,002,"MCADAMS CREEK RD","DEADWOOD CREEK RD",670.00,E,N,B,-,N,,,,,,,,,,Y,2,0,1,1,A,-,03,22350,,N,-,-,A,A,H,-,A,-,0,,,,,Y,,A,08,1,0,0,0,0,0,0,0,0,"- ","- ",,,SISKIYOU,UNINCORPORATED,-122.80121213,41.714475069999999
8102311,2016,2017-02-24,4709,2016-07-13,2159,157,,3,5,2,4709,0,0,0,,0,,"S MAIN ST","S MAIN ST 1258",0.00,,-,A,-,Y,SIS,2,3,-,L,48.320,I,5,N,N,2,0,1,2,A,-,10,21950,A,N,G,B,C,A,H,-,C,D,0,Y,,,,Y,,A,01,1,0,0,0,1,0,0,0,0,"- ","- ",,,SISKIYOU,YREKA,-122.6396384,41.718436359999998
8407872,2017,2017-07-21,4708,2017-07-04,1526,385,RDR,2,5,2,4708,0,0,0,,0,002,"N DAVIS AV","ROSEBURG PKWY",0.00,,Y,A,-,N,,,,,,,,,,Y,2,0,3,3,A,-,04,21703,,N,C,C,A,A,H,-,A,D,0,,,Y,,Y,,C,02,1,0,2,0,0,0,0,0,2,"- ","- ",,,SISKIYOU,WEED,-122.38139987,41.431359960000002
8465606,2018,2019-02-08,4709,2018-10-07,0356,"15 10",WESTE,7,5,2,4709,0,0,0,,0,CITY,"APSUUN RD","1700 APSUUN RD",0.00,,N,A,-,N,,,,,,,,,,Y,1,1,1,1,A,-,01,23152,,N,F,J,A,A,H,-,C,D,0,,,,,Y,Y,A,07,0,1,0,0,0,0,0,0,0,"- ","- ",,,SISKIYOU,YREKA,,
8513202,2017,2018-01-20,4709,2017-08-03,2235,15-7,,4,5,2,4709,0,0,0,,0,,"SUTTER ST","NUGGET WY",0.00,,Y,A,-,N,,,,,,,,,,N,2,0,1,3,A,-,03,22350,,N,B,G,A,A,H,-,D,D,0,,Y,,,Y,,L,04,1,0,0,0,0,0,1,0,0,"- ","- ",,,SISKIYOU,YREKA,-122.62243991,41.709310000000002
8690878,2018,2018-09-24,4708,2018-09-07,1423,391,3,5,5,2,4708,0,0,0,,0,001,"SHASTA AV","GENOA ST",300.00,S,N,A,-,N,,,,,,,,,,Y,2,0,1,1,A,-,07,21658,,N,E,I,A,A,H,-,A,D,0,,,,,Y,,-,,1,0,0,0,0,0,0,0,0,"- ","- ",,,SISKIYOU,WEED,-122.37757873535156,41.429714202880859
8997969,2018,2020-01-31,4709,2018-04-17,1034,152,WESTE,2,5,2,4709,0,0,0,,0,CITY,"N MAIN ST","W BLAKE ST",205.00,N,N,A,-,Y,SIS,2,3,-,L,49.790,H,-,N,Y,2,0,1,1,C,-,18,,,N,E,I,A,A,H,-,A,D,0,,,,,Y,,-,"- ",1,0,0,0,0,0,0,0,0,"- ","- ",,,SISKIYOU,YREKA,-122.63356018066406,41.7391357421875
90027357,2015,2015-10-19,9145,2015-09-29,1830,15241,,2,2,9,4700,0,3,5,,2,004,"OLD STATE HIGHWAY","RED ROCK ROAD",5280.00,S,N,A,-,N,,,,,,,,,,Y,2,0,4,2,A,-,01,23152,A,N,D,C,A,A,H,-,A,D,0,,,,,Y,Y,D,22,1,2,1,0,0,0,0,0,0,"- ","- ",41.800780000000003,-122.00543,SISKIYOU,UNINCORPORATED,-122.00550925,41.800696340000002
90098599,2016,2016-01-20,9145,2016-01-18,0557,017793,,1,3,9,4700,0,1,1,,2,070,"I-5 N/B","COLLIER REST OFF-RAMP",23760.00,S,N,B,-,Y,,,,,,,,,,Y,2,0,1,1,A,-,03,22350,,N,F,A,A,C,H,-,D,D,0,,,,,Y,,D,22,1,0,0,0,0,0,0,0,0,"- ","- ",,,SISKIYOU,UNINCORPORATED,,
90191814,2016,2016-05-31,9145,2016-05-20,2145,018210,,5,2,9,4700,0,1,2,,1,041,US-97,"MEISS LAKE SAMS NECK RD",6336.00,S,N,B,-,Y,,,97,,,,,,,Y,2,0,3,2,A,-,05,21650,,N,A,C,A,A,H,-,D,D,0,,,,,Y,,A,07,1,1,1,0,0,0,0,0,0,"- ","- ",41.879280000000001,-121.97413,SISKIYOU,UNINCORPORATED,-121.97410067,41.879260360000004
90245553,2016,2016-08-16,9145,2016-08-02,1650,019711,,2,2,9,4700,0,1,3,,1,021,SR-3,"QUARTZ VALLEY RD",0.00,,Y,A,-,Y,,,3,,,,,,,Y,2,0,1,2,A,-,09,21802,A,N,D,C,A,A,H,-,A,D,0,,,Y,,Y,,A,08,1,0,0,0,0,0,0,0,1,"- ","- ",41.552680000000002,-122.90067999999999,SISKIYOU,UNINCORPORATED,-122.90068023000001,41.552680100000003
90265784,2016,2016-09-12,9145,2016-09-05,1818,017835,,1,2,9,4700,0,1,3,,1,020,"SR-3 S/B","PEACH ORCHARD RD.",4752.00,N,N,A,-,Y,,,3,,,,,,S,Y,2,0,1,1,A,-,08,22107,,N,E,I,A,A,H,-,A,D,0,,,,,Y,,D,22,1,0,0,0,0,0,0,0,0,"- ","- ",41.6492,-122.74339000000001,SISKIYOU,UNINCORPORATED,-122.74342364,41.649229900000002
90269460,2016,2016-09-16,9145,2016-09-10,0900,014907,,6,1,9,4700,0,3,5,,2,002,"QUARTZ VALLEY ROAD N/B","SHACKLEFORD LANE",209.00,N,N,A,-,N,,,,,,,,,,N,2,0,2,2,C,-,18,,,N,H,H,A,A,H,-,A,D,0,,Y,,,Y,,-,"- ",1,1,0,0,0,0,2,0,0,"- ","- ",,,SISKIYOU,UNINCORPORATED,-122.97419891,41.598696740000001
90366960,2017,2017-02-10,9145,2017-01-01,1715,018254,,7,2,9,4700,0,1,3,,1,080,SR-161,US-97,9504.00,E,N,D,-,Y,,,161,,,,,,,N,2,0,5,2,A,-,03,22350,,N,A,C,A,C,H,-,D,D,0,,,,Y,Y,,A,01,1,3,1,0,0,0,0,0,0,"- ","- ",42.001080000000002,-121.85844,SISKIYOU,UNINCORPORATED,-121.85843833,42.00103257
90371172,2017,2017-01-17,9145,2017-01-07,1900,015241,,6,2,9,4700,0,1,2,,1,041,US-97,"MEISS LAKE SAMS NECK RD",1584.00,N,N,B,-,Y,,,97,,,,,,,Y,2,0,1,1,A,-,01,23152,A,N,F,A,A,B,H,-,D,D,0,,,,,Y,Y,A,01,1,0,0,0,0,0,0,0,0,"- ","- ",41.899760000000001,-121.96031000000001,SISKIYOU,UNINCORPORATED,-121.96035861,41.899784060000002
90386798,2016,2017-02-14,9145,2016-10-30,0820,016707,,7,1,9,4700,0,1,1,,2,072,"I-5 S/B (GOLDEN STATE FREEWAY)","JULIEN CREEK BRIDGE",140.00,N,N,B,C,Y,,,5,,,,,,S,Y,1,1,1,1,A,-,08,22107,,N,E,I,A,B,H,-,A,D,0,,,,,Y,,A,07,0,1,0,0,0,0,0,0,0,"- ","- ",41.659179999999999,-122.56941999999999,SISKIYOU,UNINCORPORATED,-122.56942949,41.659134369999997
90443507,2017,2017-04-27,9145,2017-04-20,1700,018398,,4,2,9,4700,0,1,3,,1,060,"SR-263 S/B","SHASTA RIVER BRIDGE",2112.00,N,N,A,-,Y,,,263,,,,,,S,Y,2,0,1,1,A,-,01,23152,A,N,E,I,A,A,H,-,A,D,0,,,Y,,Y,Y,C,02,1,0,0,0,0,0,0,0,1,"- ","- ",41.786090000000002,-122.60072,SISKIYOU,UNINCORPORATED,-122.60064278999999,41.786109680000003
90451715,2017,2017-05-09,9145,2017-02-24,1730,018398,,5,2,9,4700,0,1,1,,2,073,"I-5 N/B","LOUIE ROAD",15312.00,S,N,B,-,Y,,,5,,,,,,N,Y,1,1,1,1,A,-,01,23152,A,N,E,I,A,A,H,-,A,D,0,,,,,Y,Y,A,01,1,0,0,0,0,0,0,0,0,"- ","- ",41.510280000000002,-122.47248,SISKIYOU,UNINCORPORATED,-122.47252865999999,41.510274549999998