CASE_ID,ACCIDENT_YEAR,PROC_DATE,JURIS,COLLISION_DATE,COLLISION_TIME,OFFICER_ID,REPORTING_DISTRICT,DAY_OF_WEEK,CHP_SHIFT,POPULATION,CNTY_CITY_LOC,SPECIAL_COND,BEAT_TYPE,CHP_BEAT_TYPE,CITY_DIVISION_LAPD,CHP_BEAT_CLASS,BEAT_NUMBER,PRIMARY_RD,SECONDARY_RD,DISTANCE,DIRECTION,INTERSECTION,WEATHER_1,WEATHER_2,STATE_HWY_IND,CALTRANS_COUNTY,CALTRANS_DISTRICT,STATE_ROUTE,ROUTE_SUFFIX,POSTMILE_PREFIX,POSTMILE,LOCATION_TYPE,RAMP_INTERSECTION,SIDE_OF_HWY,TOW_AWAY,COLLISION_SEVERITY,NUMBER_KILLED,NUMBER_INJURED,PARTY_COUNT,PRIMARY_COLL_FACTOR,PCF_CODE_OF_VIOL,PCF_VIOL_CATEGORY,PCF_VIOLATION,PCF_VIOL_SUBSECTION,HIT_AND_RUN,TYPE_OF_COLLISION,MVIW,PED_ACTION,ROAD_SURFACE,ROAD_COND_1,ROAD_COND_2,LIGHTING,CONTROL_DEVICE,CHP_ROAD_TYPE,PEDESTRIAN_ACCIDENT,BICYCLE_ACCIDENT,MOTORCYCLE_ACCIDENT,TRUCK_ACCIDENT,NOT_PRIVATE_PROPERTY,ALCOHOL_INVOLVED,STWD_VEHTYPE_AT_FAULT,CHP_VEHTYPE_AT_FAULT,COUNT_SEVERE_INJ,COUNT_VISIBLE_INJ,COUNT_COMPLAINT_PAIN,COUNT_PED_KILLED,COUNT_PED_INJURED,COUNT_BICYCLIST_KILLED,COUNT_BICYCLIST_INJURED,COUNT_MC_KILLED,COUNT_MC_INJURED,PRIMARY_RAMP,SECONDARY_RAMP,LATITUDE,LONGITUDE,COUNTY,CITY,POINT_X,POINT_Y
90556129,2017,2017-09-26,9145,2017-06-27,2100,021593,,2,2,9,4700,0,1,3,,1,062,"RT 3","EASTMAN LN",13200.00,S,N,A,-,Y,,,3,,,,,,,Y,1,1,0,1,A,-,01,23152,A,N,F,A,A,A,H,-,B,D,0,,,Y,,Y,Y,C,02,0,0,0,0,0,0,0,1,0,"- ","- ",41.668500000000002,-122.7,SISKIYOU,UNINCORPORATED,-122.69999525,41.668588149999998
90637862,2018,2018-01-11,9145,2018-01-03,1620,020819,,3,2,9,4700,0,3,5,,2,006,"USFS LAND - UNKNOWN DIRT TRAIL","HUMBUG RD",150.00,N,N,B,-,N,,,,,,,,,,N,2,0,1,2,B,-,22,,,N,A,C,A,A,E,-,A,D,0,,,Y,,Y,,-,"- ",1,0,0,0,0,0,0,0,1,"- ","- ",41.745151519775391,-122.66593170166016,SISKIYOU,UNINCORPORATED,,
90671797,2017,2018-03-01,9145,2017-10-22,1100,016340,,7,1,9,4700,0,3,5,,2,002,"SAWYERS BAR RD","RUFFY LANE",45408.00,S,N,B,E,N,,,,,,,,,,Y,1,1,0,1,A,-,08,22107,,N,E,I,A,B,H,-,A,D,0,,,,,Y,,A,01,0,0,0,0,0,0,0,0,0,"- ","- ",41.395600000000002,-122.9957,SISKIYOU,UNINCORPORATED,-122.97338000000001,41.411520000000003
90682571,2017,2018-03-19,9145,2017-08-18,2045,015241,,5,2,9,4700,0,3,5,,2,004,"OLD STATE HIGHWAY","EAST CRISS RD",450.00,N,N,A,-,N,,,,,,,,,,Y,1,1,0,2,A,-,11,21956,A,N,G,B,E,A,H,-,D,D,0,Y,,,,Y,Y,N,60,0,0,0,1,0,0,0,0,0,"- ","- ",41.80912,-122.00548000000001,SISKIYOU,UNINCORPORATED,-122.00546,41.809105260000003
90800360,2018,2018-08-28,9145,2018-08-16,1900,018398,,4,2,9,4700,0,3,5,,2,005,"COPCO ROAD","DANDY LANE",3168.00,E,N,A,-,N,,,,,,,,,,Y,2,0,1,1,A,-,01,23152,A,N,F,A,A,A,H,-,D,D,0,,,,,Y,Y,D,22,1,0,0,0,0,0,0,0,0,"- ","- ",41.905200958251953,-122.46665191650391,SISKIYOU,UNINCORPORATED,-122.47152709960938,41.905601501464844
90812459,2018,2018-09-13,9145,2018-06-01,1350,018124,,5,1,9,4700,0,1,2,,1,042,US-97,"BALL MOUNTAIN ROAD",2640.00,N,N,A,-,Y,,,97,,,,,,,Y,1,1,1,2,A,-,03,22350,,N,D,C,A,A,H,-,A,D,0,,,Y,,Y,,C,02,0,1,0,0,0,0,0,1,0,"- ","- ",41.786079406738281,-122.04148864746094,SISKIYOU,UNINCORPORATED,-122.04143524169922,41.786033630371094
90819614,2018,2018-09-24,9145,2018-09-18,1725,013713,,2,2,9,4700,0,1,3,,1,010,SR-96,"SCOTT RIVER RD",12144.00,E,N,A,-,Y,,,96,,,,,,,Y,2,0,1,1,A,-,08,22107,,N,E,I,A,A,H,-,A,D,0,,,,,Y,,D,22,1,0,0,0,0,0,0,0,0,"- ","- ",41.803478240966797,-123.01891326904297,SISKIYOU,UNINCORPORATED,-123.01885223388672,41.803482055664062
90829210,2018,2018-10-04,9145,2018-09-24,1450,019711,,1,2,9,4700,0,1,1,,2,073,"I-5 S/B","LOUIE RD",792.00,S,N,A,-,Y,,,5,,,,,,S,Y,2,0,1,1,A,-,08,22107,,N,E,I,A,A,D,-,A,D,0,,,,,Y,,A,01,1,0,0,0,0,0,0,0,0,"- ","- ",41.547641754150391,-122.48336029052734,SISKIYOU,UNINCORPORATED,-122.48328399658203,41.547657012939453
90836322,2018,2018-10-15,9146,2018-10-14,1555,019430,,7,2,9,4700,0,1,1,,2,010,"I-5 S/B","ABRAMS LAKE RD.",207.00,N,N,A,-,Y,,,5,,,,,,S,Y,2,0,1,1,A,-,08,22107,,N,E,I,A,A,H,-,A,D,0,,,,,Y,,A,01,1,0,0,0,0,0,0,0,0,"- ","- ",41.344760894775391,-122.3453369140625,SISKIYOU,UNINCORPORATED,-122.34530639648438,41.344799041748047
90860905,2018,2018-11-15,9145,2018-09-10,0818,017793,,1,1,9,4700,0,1,3,,1,021,"STATE ROUTE 3","GLENDENNING ROAD",1040.00,N,N,A,-,Y,,,,,,,,,,Y,2,0,1,1,A,-,01,23152,G,N,E,I,A,A,H,-,A,D,0,,,,,Y,Y,A,01,1,0,0,0,0,0,0,0,0,"- ","- ",41.3326416015625,-122.53968048095703,SISKIYOU,UNINCORPORATED,-122.89883422851562,41.555168151855469
90912957,2018,2019-01-25,9145,2018-10-25,1541,013713,,4,2,9,4700,0,1,3,,1,011,"STATE ROUTE 96 (SR-96)","WALKER CREEK RD",335.00,W,N,A,-,Y,,,96,,,,,,,Y,1,1,1,1,A,-,08,22107,,N,E,I,A,A,H,-,A,D,0,,,,,Y,,A,01,0,1,0,0,0,0,0,0,0,"- ","- ",41.835498809814453,-123.17350769042969,SISKIYOU,UNINCORPORATED,-123.17351531982422,41.835441589355469
90916581,2019,2019-03-01,9145,2019-01-27,1425,016340,,7,2,9,4700,0,3,5,,2,002,"QUARTZ VALLEY RD","DANGEL LN",1056.00,W,N,A,-,N,,,,,,,,,,N,2,0,1,1,C,-,18,,,N,H,H,A,A,H,-,A,D,0,,Y,,,Y,,-,"- ",1,0,0,0,0,0,1,0,0,"- ","- ",41.624000549316406,-122.96970367431641,SISKIYOU,UNINCORPORATED,-122.96912384033203,41.6240234375
90940906,2019,2019-09-24,9145,2019-02-21,0740,018619,,4,1,9,4700,0,1,1,,2,072,"I-5 N/B","GRENADA IRRIGATION DISTRICT OVERPASS",4752.00,S,N,A,-,Y,,,5,,,,,,N,Y,1,1,2,1,A,-,03,22350,,N,F,A,A,C,H,-,A,D,0,,,,,Y,,A,07,2,0,0,0,0,0,0,0,0,"- ","- ",41.592578887939453,-122.50267028808594,SISKIYOU,UNINCORPORATED,-122.50292205810547,41.592460632324219
91008067,2019,2019-06-11,9145,2019-06-08,0823,017793,,6,1,9,4700,0,1,1,,2,070,"I-5 S/B","HILT RD U/C BRIDGE",1056.00,S,N,A,-,Y,,,5,,,,,,S,Y,2,0,1,1,A,-,08,22107,,N,F,A,A,A,H,-,A,D,0,,,,,Y,,A,01,1,0,0,0,0,0,0,0,0,"- ","- ",41.990081787109375,-122.608642578125,SISKIYOU,UNINCORPORATED,-122.60848236083984,41.990154266357422
91127828,2019,2019-11-22,9146,2019-06-20,1038,020647,,4,1,9,4700,0,1,2,,1,020,"UNITED STATES HIGHWAY 97","SOLUS DRIVE",12.00,S,N,A,-,Y,,,97,,,,,,,Y,1,2,0,3,A,-,03,22350,,N,C,C,A,A,H,-,A,D,0,,,,Y,Y,,G,25,0,0,0,0,0,0,0,0,0,"- ","- ",41.465900421142578,-122.35411834716797,SISKIYOU,UNINCORPORATED,-122.35414886474609,41.465911865234375
91138084,2019,2019-12-06,9145,2019-12-04,1744,018151,,3,2,9,4700,0,3,5,,2,003,"FAIRLANE RD","ARROYO DR.",1056.00,S,N,B,-,N,,,,,,,,,,N,2,0,1,2,A,-,11,21954,A,N,G,B,E,A,H,-,D,D,0,Y,,,,Y,,N,60,1,0,0,0,1,0,0,0,0,"- ","- ",41.694408416748047,-122.63865661621094,SISKIYOU,UNINCORPORATED,-122.63888549804688,41.694980621337891
91143160,2019,2019-12-13,9145,2019-10-16,1939,018151,,3,2,9,4700,0,2,4,,1,034,"BIG SPRINGS ROAD","COUNTY ROAD A-12",0.00,,Y,C,-,N,,,,,,,,,,Y,2,0,4,2,A,-,12,22450,A,N,D,C,A,B,H,-,C,A,0,,,,,Y,,A,01,4,0,0,0,0,0,0,0,0,"- ","- ",41.623851776123047,-122.39952087402344,SISKIYOU,UNINCORPORATED,-122.399564,41.623857999999998
91251378,2020,2020-06-12,9145,2020-06-07,0820,016580,,7,1,9,4700,0,1,1,,2,072,"I-5 N/B","EDGEWOOD RD",378.00,N,N,B,-,Y,,,5,,,,,,N,Y,2,0,1,1,A,-,08,22107,,N,E,I,A,A,H,-,A,D,0,,,,,Y,,A,07,1,0,0,0,0,0,0,0,0,"- ","- ",41.443531036376953,-122.43489074707031,SISKIYOU,UNINCORPORATED,-122.43555450439453,41.443317413330078
91309004,2020,2020-09-22,9145,2020-09-16,1130,017793,,3,1,9,4700,0,1,3,,1,061,"SR-96 E/B","KLAMATH RIVER RD",1.20,W,N,A,F,Y,,,96,,,,,,E,Y,2,0,2,1,A,-,08,22107,,N,E,I,A,A,H,-,A,D,0,,,,,Y,,A,07,1,1,0,0,0,0,0,0,0,"- ","- ",41.834419250488281,-122.6390380859375,SISKIYOU,UNINCORPORATED,-122.63901519775391,41.834384918212891
91314874,2020,2020-10-22,9145,2020-08-25,0921,017835,,2,1,9,4700,0,1,1,,2,073,"I-5 S/B","LOUIE RD",8976.00,S,N,A,-,Y,,,5,,,,,,S,Y,1,1,1,1,A,-,08,22107,,N,F,A,A,A,H,-,A,D,0,,,,,Y,,A,07,0,1,0,0,0,0,0,0,0,"- ","- ",41.528938293457031,-122.47712707519531,SISKIYOU,UNINCORPORATED,-122.47710418701172,41.528942108154297
91321122,2020,2020-10-09,9146,2020-09-29,0630,019711,,2,1,9,4700,0,1,3,,1,022,SR-89,"SHEEP HAVEN RD.",1000.00,N,N,A,-,Y,,,89,,,,,,,Y,2,0,1,1,C,-,18,,,N,H,H,A,A,H,-,A,D,0,,,,,Y,,-,"- ",1,0,0,0,0,0,0,0,0,"- ","- ",41.266571044921875,-121.88623046875,SISKIYOU,UNINCORPORATED,-121.88623046875,41.266571044921875
91325376,2020,2020-11-03,9145,2020-10-06,2500,016040,,2,4,9,4700,0,3,5,,2,006,"FOREST SERVICE ROAD 47N44","BEAVER CREEK RD",1584.00,W,N,F,-,N,,,,,,,,,,Y,1,1,0,1,A,-,01,23152,A,N,E,I,A,A,H,-,D,D,0,,,,,Y,Y,A,07,0,0,0,0,0,0,0,0,0,"- ","- ",41.932758331298828,-122.82633209228516,SISKIYOU,UNINCORPORATED,,
91337166,2020,2020-11-02,9145,2020-10-26,0845,016857,,1,1,9,4700,0,2,4,,1,034,"BIG SPRINGS ROAD","ORDWAY ROAD",111.00,S,N,A,-,Y,,,,,,,,,,Y,2,0,1,1,A,-,01,23152,A,N,E,I,A,A,H,-,A,D,0,,,,,Y,Y,A,01,1,0,0,0,0,0,0,0,0,"- ","- ",41.479988098144531,-122.36167144775391,SISKIYOU,UNINCORPORATED,-122.36228179931641,41.481029510498047
91350098,2020,2020-11-20,9146,2020-11-13,1540,020514,,5,2,9,4700,0,1,3,,1,022,"STATE ROUTE 89","DEADHORSE CANYON RD",5280.00,S,N,D,-,Y,,,89,,,,,,,Y,2,0,1,1,A,-,03,22350,,N,E,I,A,C,H,-,A,D,0,,,,,Y,,A,01,1,0,0,0,0,0,0,0,0,"- ","- ",41.201148986816406,-121.75340270996094,SISKIYOU,UNINCORPORATED,-121.75338745117188,41.201179504394531
91360358,2020,2020-12-07,9145,2020-12-01,1535,018726,,2,2,9,4700,0,3,5,,2,003,"SISKIYOU BLVD","KENNEY ROAD",1056.00,S,N,A,-,N,,,,,,,,,,Y,2,0,1,1,A,-,01,23152,A,N,E,I,A,A,H,-,A,D,0,,,,,Y,Y,A,01,1,0,0,0,0,0,0,0,0,"- ","- ",41.637969970703125,-122.52159118652344,SISKIYOU,UNINCORPORATED,-122.521728515625,41.638656616210938
91366563,2020,2020-12-14,9145,2020-12-07,2156,020819,,1,2,9,4700,0,1,1,,2,072,"I-5 N/B","SLOUGH RD",5280.00,S,N,A,-,Y,,,5,,,,,,N,Y,2,0,1,1,A,-,08,22107,,N,F,I,A,A,H,-,D,D,0,,,,,Y,,A,07,1,0,0,0,0,0,0,0,0,"- ","- ",41.590530395507812,-122.50198364257812,SISKIYOU,UNINCORPORATED,-122.50217437744141,41.590488433837891
91382890,2020,2021-01-06,9145,2020-12-31,2220,018124,,4,3,9,4700,0,3,5,,2,004,"PICARD ROAD","MATHEWS RD",0.00,,Y,B,-,N,,,,,,,,,,N,2,0,1,1,A,-,03,22350,,N,E,I,A,C,H,-,D,D,0,,,,,Y,Y,D,22,1,0,0,0,0,0,0,0,0,"- ","- ",41.966560363769531,-121.95751190185547,SISKIYOU,UNINCORPORATED,-121.95754241943359,41.966560363769531
91415562,2021,2021-02-25,9145,2021-02-17,2300,020819,,3,3,9,4700,0,1,1,,2,072,"I-5 S/B","SISKIYOU BLVD",1281.00,N,N,A,-,Y,,,5,,,,,,S,Y,2,0,1,1,A,-,01,23152,A,N,E,I,A,A,H,-,D,D,0,,,,,Y,Y,D,22,1,0,0,0,0,0,0,0,0,"- ","- ",41.626949310302734,-122.52153778076172,SISKIYOU,UNINCORPORATED,-122.52146911621094,41.627010345458984
91428920,2021,2021-03-17,9146,2021-03-10,0800,019711,,3,1,9,4700,0,1,1,,2,011,"I-5 S/B",SR-89,5280.00,S,N,D,-,Y,,,5,,,,,,S,Y,2,0,1,1,A,-,03,22350,,N,E,I,A,C,H,-,A,D,0,,,,,Y,,A,01,1,0,0,0,0,0,0,0,0,"- ","- ",41.275760650634766,-122.28659820556641,SISKIYOU,UNINCORPORATED,-122.28654479980469,41.275829315185547
91577645,2021,2021-09-23,9145,2021-09-12,0320,020819,,7,3,9,4700,0,3,5,,2,003,"NORTH OLD STAGE RD","OLD HIGHWAY 99",0.00,,Y,A,-,N,,,,,,,,,,Y,2,0,1,1,A,-,01,23152,A,N,E,I,A,A,H,-,D,A,0,,,,,Y,Y,A,01,1,0,0,0,0,0,0,0,0,"- ","- ",41.440719604492188,-122.43512725830078,SISKIYOU,UNINCORPORATED,-121.91961669921875,41.971660614013672
91621429,2021,2021-11-10,9145,2021-11-02,1710,020700,,2,2,9,4700,0,1,3,,1,061,SR-96,"DUTCH CREEK ROAD",12144.00,W,N,B,-,Y,,,96,,,,,,,Y,2,0,1,2,A,-,01,23152,A,N,A,C,A,A,H,-,A,D,0,,,,,Y,Y,D,22,1,0,0,0,0,0,0,0,0,"- ","- ",41.856781005859375,-122.76277923583984,SISKIYOU,UNINCORPORATED,-122.76275634765625,41.856735229492188
91659024,2021,2021-12-22,9145,2021-12-15,1230,016580,,3,1,9,4700,0,1,3,,1,022,"HORN LANE",SR-3,581.00,E,N,D,-,N,,,,,,,,,,Y,2,0,2,1,A,-,08,22107,,N,E,I,A,C,H,-,A,D,0,,,,,Y,,A,01,1,0,1,0,0,0,0,0,0,"- ","- ",41.456211090087891,-122.86984252929688,SISKIYOU,UNINCORPORATED,-122.86988067626953,41.456161499023438
91669180,2021,2022-01-04,9145,2021-12-28,0755,016580,,2,1,9,4700,0,1,1,,2,072,I-5,A12,7339.00,S,N,D,-,Y,,,5,,,,,,,Y,2,0,2,1,A,-,08,22107,,N,E,I,A,C,H,-,A,D,0,,,,,Y,,D,22,1,1,0,0,0,0,0,0,0,"- ","- ",41.628349304199219,-122.52217102050781,SISKIYOU,UNINCORPORATED,-122.52217864990234,41.628345489501953
91794251,2022,2022-06-13,9146,2022-06-08,1800,019430,,3,2,9,4700,0,3,5,,2,002,"PILGRIM CREEK ROAD","EDSON CREEK ROAD",10560.00,N,N,A,-,N,,,,,,,,,,Y,2,0,1,1,A,-,08,22107,,N,E,I,A,A,H,-,A,D,0,,,,,Y,Y,A,07,1,0,0,0,0,0,0,0,0,"- ","- ",41.394329071044922,-121.89698028564453,SISKIYOU,UNINCORPORATED,-121.89633941650391,41.394569396972656
91796770,2022,2022-06-16,9145,2022-06-09,0813,014553,,4,1,9,4700,0,1,1,,2,070,"I-5 N/B","JACKSON COUNTY LINE",126.00,S,N,A,-,Y,SIS,,5,,R,69.277,H,,R,Y,2,0,1,3,A,-,03,22350,,N,C,C,A,A,H,-,A,D,0,,,Y,,Y,,A,01,1,0,0,0,0,0,0,0,1,"- ","- ",42.0052490234375,-122.61524200439453,SISKIYOU,UNINCORPORATED,-122.61518859863281,42.005268096923828
91813983,2022,2022-07-11,9146,2022-07-04,0257,020593,,1,3,9,4700,0,1,3,,1,022,"U.S. HWY 97","JUNIPER TERRACE",1584.00,N,N,C,-,Y,SIS,,97,,,8.586,H,,R,N,2,0,2,1,A,-,08,22107,,N,E,I,A,B,H,-,D,D,0,,,,,Y,,A,01,1,1,0,0,0,0,0,0,0,"- ","- ",41.520740509033203,-122.30467987060547,SISKIYOU,UNINCORPORATED,-122.30462646484375,41.520645141601562
91820344,2022,2022-07-19,9146,2022-07-09,2238,020593,,6,3,9,4700,0,1,1,,2,010,"VISTA DRIVE ON RAMP TO I-5 S/B","VISTA DRIVE",585.00,S,N,A,-,Y,,,,,,,,,,Y,2,0,1,1,A,-,01,23152,A,N,F,A,A,A,H,-,D,D,0,,,,Y,Y,Y,G,25,1,0,0,0,0,0,0,0,0,"- ","- ",41.394580841064453,-122.37892913818359,SISKIYOU,UNINCORPORATED,,
91841114,2022,2022-08-16,9146,2022-08-08,1849,017955,,1,2,9,4700,0,1,3,,1,021,SR-89,"BIG CANYON DRIVE",1315.00,N,N,A,-,Y,SIS,,89,,R,34.613,H,,R,Y,2,0,4,2,A,-,05,21460,A,N,A,C,A,A,H,-,A,D,0,,,,,Y,,A,01,3,0,1,0,0,0,0,0,0,"- ","- ",41.285030364990234,-122.30188751220703,SISKIYOU,UNINCORPORATED,-122.30191802978516,41.285072326660156
91852487,2022,2022-08-29,9146,2022-08-18,0730,019711,,4,1,9,4700,0,3,5,,2,001,"MOTT RD.","DUNSMUIR AVE.",3696.00,N,N,A,-,N,,,,,,,,,,N,2,0,1,1,A,-,01,23152,A,N,E,I,A,A,H,-,B,D,0,,,,,Y,Y,A,07,1,0,0,0,0,0,0,0,0,"- ","- ",41.243999481201172,-122.26164245605469,SISKIYOU,UNINCORPORATED,-122.26058197021484,41.246162414550781
92009140,2022,2023-03-03,9145,2022-10-15,0535,018151,,6,3,9,4700,0,2,4,,1,034,"BIG SPRINGS ROAD","COUNTRY CLUB DRIVE",1584.00,N,N,A,-,N,,,,,,,,,,Y,1,1,0,2,A,-,08,22107,,N,E,J,A,A,H,-,D,D,0,,,,,Y,,D,22,0,0,0,0,0,0,0,0,0,"- ","- ",41.513240814208984,-122.36464691162109,SISKIYOU,UNINCORPORATED,-122.36479187011719,41.513797760009766
92029489,2022,2023-03-27,9146,2022-11-27,0207,020593,,7,3,9,4700,0,1,1,,2,012,"I-5 SOUTHBOUND","MOTT AIRPORT ROAD",3985.00,S,N,A,-,Y,SIS,,5,,,5.033,H,,L,Y,1,1,0,1,A,-,01,23152,A,N,F,A,A,A,H,-,D,D,0,,,,,Y,Y,A,01,0,0,0,0,0,0,0,0,0,"- ","- ",41.249351501464844,-122.25846099853516,SISKIYOU,UNINCORPORATED,-122.25857543945312,41.249317169189453
92044093,2023,2024-03-11,9145,2023-04-08,1503,020898,,6,2,9,4700,0,3,5,,2,003,"SHAMROCK RD","FAIRLANE RD",155.00,S,N,B,-,N,,,,,,,,,,N,1,1,0,1,A,-,03,22350,,N,E,I,A,A,H,-,A,D,0,,Y,,,Y,Y,L,04,0,0,0,0,0,1,0,0,0,"- ","- ",41.681499481201172,-122.62973785400391,SISKIYOU,UNINCORPORATED,,
92066778,2023,2023-05-11,9145,2023-05-04,"110 ",022542,,4,3,9,4700,0,3,5,,2,005,"OBERLIN RD","ZANOTTO LN",116.00,W,N,A,-,N,,,,,,,,,,Y,2,0,1,1,A,-,08,22107,,N,E,I,A,A,H,-,C,D,0,,,,,Y,,A,01,1,0,0,0,0,0,0,0,0,"- ","- ",41.705558776855469,-122.55982971191406,SISKIYOU,UNINCORPORATED,-122.55998229980469,41.705589294433594
92116946,2023,2023-07-14,9145,2023-07-05,1540,015241,,3,2,9,4700,0,1,2,,1,042,US-97,"W CRISS RD",0.00,,Y,A,-,Y,SIS,,97," "," ",38.509,H,,R,Y,2,0,2,3,A,-,09,21802,A,N,D,C,A,A,H,-,A,D,0,,,,,Y,,A,01,1,1,0,0,0,0,0,0,0,"- ","- ",41.807830810546875,-122.02310180664062,SISKIYOU,UNINCORPORATED,-122.02316284179688,41.807861328125
92151796,2023,2023-08-24,9145,2023-08-09,1805,020700,,3,2,9,4700,0,1,3,,1,062,SR-3,"3 SIS 44.44",222.00,N,N,A,-,Y,SIS,,3," "," ",44.389,H,,R,N,2,0,1,1,C,-,18,,,N,F,A,A,A,H,-,A,D,0,,,Y,,Y,,-,"- ",1,0,0,0,0,0,0,0,1,"- ","- ",41.674770355224609,-122.68939971923828,SISKIYOU,UNINCORPORATED,-122.68940734863281,41.674716949462891
92151801,2023,2023-08-24,9145,2023-08-12,1317,018726,,6,1,9,4700,0,1,3,,1,061,SR-96,"BEAVER CREEK ROAD",14256.00,W,N,A,-,Y,SIS,,96," ",R,85.562,H,,R,Y,2,0,2,2,A,-,05,21460,A,N,A,C,A,A,H,-,A,D,0,,,,,Y,,A,01,1,1,0,0,0,0,0,0,0,"- ","- ",41.838809967041016,-122.83902740478516,SISKIYOU,UNINCORPORATED,-122.83904266357422,41.838825225830078
92330612,2023,2024-03-05,9145,2023-08-28,"750 ",020700,,1,1,9,4700,0,1,1,,2,072,"I-5 NORTHBOUND (GOLDEN STATE FREEWAY)","GRENADA IRRIGATION DISTRICT O/C BRIDGE #2-155 (GID",972.00,N,N,A,-,Y,SIS,,5," ",R,35.155,H,,R,Y,1,1,0,1,A,-,08,22107,,N,F,A,A,A,H,-,A,D,0,,,,,Y,,D,22,0,0,0,0,0,0,0,0,0,"- ","- ",41.606449127197266,-122.50969696044922,SISKIYOU,UNINCORPORATED,-122.50949859619141,41.606502532958984
92382646,2024,2024-05-06,9145,2024-04-27,1235,018817,,6,1,9,4700,0,1,1,,2,070,"INTERSTATE 5 N/B","KLAMATHON RD",7920.00,S,N,B,-,Y,SIS,,5," ",R,56.574,H,,R,Y,2,0,4,2,A,-,07,21658,A,N,B,2,A,A,H,-,A,D,0,,,,,Y,,A,07,1,3,0,0,0,0,0,0,0,"- ","- ",41.835929870605469,-122.57649993896484,SISKIYOU,UNINCORPORATED,-122.57652282714844,41.835933685302734
92384134,2024,2024-05-07,9145,2024-04-22,2500,018958,,1,4,9,4700,0,1,3,,1,011,SR-96,"ONEIL CREEK",4752.00,E,N,A,-,Y,SIS,,96," "," ",66.276,H,,R,Y,2,0,1,1,C,-,18,,,N,H,H,A,A,H,-,D,D,0,,,Y,,Y,,-,"- ",1,0,0,0,0,0,0,0,1,"- ","- ",41.807289123535156,-123.10228729248047,SISKIYOU,UNINCORPORATED,-123.10235595703125,41.807273864746094
92432290,2024,2024-07-08,9145,2024-06-23,2010,018958,,7,2,9,4700,0,3,5,,2,001,"INDIAN CREEK RD","INDIAN MEADOWS RD",528.00,N,N,A,-,N,,,,,,,,,,Y,2,0,1,1,A,-,08,22107,,N,E,I,A,A,H,-,A,D,0,,,Y,,Y,,C,02,1,0,0,0,0,0,0,0,1,"- ","- ",41.809581756591797,-123.38202667236328,SISKIYOU,UNINCORPORATED,-123.380859375,41.809257507324219
9256173,2021,2023-06-17,4709,2021-02-21,1818,S1,WESTE,7,5,2,4709,0,0,0,,0,,"RT 3","BRUCE ST",163.00,N,N,A,-,Y,SIS,2,3,-,L,48.350,H,-,N,N,1,1,0,2,A,-,00,21954,,N,G,B,D,A,H,-,C,D,0,Y,,,,Y,Y,N,60,0,0,0,1,0,0,0,0,0,"- ","- ",,,SISKIYOU,YREKA,-122.63957977294922,41.718875885009766
9284509,2021,2021-09-13,4706,2021-06-24,0830,1103,YREKA,4,5,2,4706,0,0,0,,0,CITY,"W LAKE ST","PINE ST",0.00,,Y,A,-,N,,,,,,,,,,Y,2,0,1,2,A,-,09,21802,A,N,D,C,A,A,H,-,C,D,0,,,Y,,Y,,C,02,1,0,0,0,0,0,0,0,1,"- ","- ",,,SISKIYOU,"MOUNT SHASTA",-122.31468963623047,41.311836242675781
9301706,2021,2021-10-07,4709,2021-07-16,0832,15-4,WESTE,5,5,2,4709,0,0,0,,0,CITY,"S MAIN ST (RT-3)","RAYMOND ST",4.00,N,N,A,-,Y,SIS,2,3,-,L,49.054,I,5,N,N,1,1,0,2,A,-,03,22350,,N,G,B,B,A,H,-,A,D,0,Y,,,,Y,,A,01,0,0,0,1,0,0,0,0,0,"- ","- ",,,SISKIYOU,YREKA,-122.63662719726562,41.728775024414062
94360433,2024,2024-08-19,9145,2024-04-27,2152,023406,,6,2,9,4700,0,3,5,,2,005,"BRECEDA LANE","MONTAGUE GRENADA RD",20.00,E,N,A,-,N,,,,,,,,,,Y,1,1,0,1,A,-,01,23152,A,N,E,8,A,A,H,-,D,D,0,,,,,Y,Y,A,01,0,0,0,0,0,0,0,0,0,"- ","- ",41.705509185791016,-122.53961181640625,SISKIYOU,UNINCORPORATED,-122.539794921875,41.705570220947266